-- MySQL dump 10.13  Distrib 5.5.57, for debian-linux-gnu (armv7l)
--
-- Host: localhost    Database: livrogne_api
-- ------------------------------------------------------
-- Server version	5.5.57-0+deb8u1

/*!40101 SET @OLD_CHARACTER_SET_CLIENT=@@CHARACTER_SET_CLIENT */;
/*!40101 SET @OLD_CHARACTER_SET_RESULTS=@@CHARACTER_SET_RESULTS */;
/*!40101 SET @OLD_COLLATION_CONNECTION=@@COLLATION_CONNECTION */;
/*!40101 SET NAMES utf8 */;
/*!40103 SET @OLD_TIME_ZONE=@@TIME_ZONE */;
/*!40103 SET TIME_ZONE='+00:00' */;
/*!40014 SET @OLD_UNIQUE_CHECKS=@@UNIQUE_CHECKS, UNIQUE_CHECKS=0 */;
/*!40014 SET @OLD_FOREIGN_KEY_CHECKS=@@FOREIGN_KEY_CHECKS, FOREIGN_KEY_CHECKS=0 */;
/*!40101 SET @OLD_SQL_MODE=@@SQL_MODE, SQL_MODE='NO_AUTO_VALUE_ON_ZERO' */;
/*!40111 SET @OLD_SQL_NOTES=@@SQL_NOTES, SQL_NOTES=0 */;

--
-- Current Database: `livrogne_api`
--

CREATE DATABASE /*!32312 IF NOT EXISTS*/ `livrogne_api` /*!40100 DEFAULT CHARACTER SET latin1 */;

USE `livrogne_api`;

--
-- Table structure for table `auth_tokens`
--

DROP TABLE IF EXISTS `auth_tokens`;
/*!40101 SET @saved_cs_client     = @@character_set_client */;
/*!40101 SET character_set_client = utf8 */;
CREATE TABLE `auth_tokens` (
  `id` int(11) NOT NULL AUTO_INCREMENT,
  `user` int(11) DEFAULT NULL,
  `value` varchar(191) COLLATE utf8_unicode_ci NOT NULL,
  `createdAt` datetime NOT NULL,
  `is_log_with_rfid` tinyint(1) NOT NULL,
  PRIMARY KEY (`id`),
  KEY `IDX_8AF9B66C8D93D649` (`user`),
  CONSTRAINT `FK_8AF9B66C8D93D649` FOREIGN KEY (`user`) REFERENCES `users` (`id`)
) ENGINE=InnoDB AUTO_INCREMENT=857 DEFAULT CHARSET=utf8 COLLATE=utf8_unicode_ci;
/*!40101 SET character_set_client = @saved_cs_client */;

--
-- Dumping data for table `auth_tokens`
--

LOCK TABLES `auth_tokens` WRITE;
/*!40000 ALTER TABLE `auth_tokens` DISABLE KEYS */;
INSERT INTO `auth_tokens` VALUES (1,1,'8NII9pWUg7O5tFltcFTcBxpqXSlCZo0IHGhMCoZRCrNq0DE/U3hVXDgRG5nSqDIuZGk=','2017-09-08 15:19:05',0),(2,3,'ZbiFYq4/YQ5uxpWV0UqSz4doexaecQYPz/o+ZKtmCwu+frFhEoJ808gngamXEh6EjKc=','2017-09-08 15:24:59',0),(3,2,'L0f6CibyVDCDficKaU0oTJ56qyorqvZKcVVEBU4qTG+cTHOuf/E4DwoUQl8zeTcMy8s=','2017-09-08 15:26:56',0),(4,4,'yy/BnwBZJEeXbPB4Juvvh+zbS6/wi530AFiR8IYerd38VuLAj4PEYn5chSwlhm0f2XM=','2017-09-08 15:27:29',0),(5,1,'B50n3JdNvM+eWpRoPg/CXMQiyw014Pwv7oyd5X9loVp14DAuJovTwM1AyEYcDfqfRNw=','2017-09-08 15:28:57',0),(6,1,'faQqqfo1Mog28dt7UM2mbY/U0TX+FiSQdTdQvX1ecJhVYSJWS6BnhZEMZEGUokPP5C4=','2017-09-08 15:29:15',1),(7,1,'1nC7jnXThwZoNe81+e5iWpBSmYm7IHy/UiMz26VvfvvbXAuSuEgEfZAPvohLzN/zD0g=','2017-09-08 15:30:35',1),(8,1,'L7YiCJ14Muuut14S2rqrfaz6sMZGs53BEgECkpxpURoL0FHSPPCdEcFeoQxE1PAXB5E=','2017-09-08 15:30:41',1),(9,1,'DylQdc0Rs+CQDe0A9wQEzv90G/9uzEp/pbAipqUKan9svLv6BeWE3d3yaOL2x5mNrQ8=','2017-09-08 15:31:10',1),(10,1,'XMhwuO8CrNlPIU8TadoPsDdFthnNGF3GnpYJPWvgBp1cg7SuqhgKbXqezBi0ypYXodA=','2017-09-08 15:33:41',1),(11,3,'2Z5P7R0n4MHa6lz04PoCFmAuPt6igy/a00YPSZMTp99P7A6ZLbFMV3u9/HPLNrLOGQs=','2017-09-08 15:39:28',1),(12,3,'q0hrA47azhxE4Wh7m3WpT4O2bTXd40qdEuXzZ7Z+iXCSqtRn47Yo+kG0CzKXXLCIsRI=','2017-09-08 15:39:57',1),(13,3,'8/3MeoETPDqDFwZbJCpDWrEdb7yRyxC79j5ElJe1QIbZjjI8uPxlb8U7mZHTKNoOOSA=','2017-09-08 15:41:11',1),(14,1,'2MAzZCj2gl6vMRYew9GFh00PhALQLWbdEGqp/QWnbFjL0LBf6B5fMaExchYxqU3eVN8=','2017-09-08 15:41:53',1),(15,3,'Zc1apVCDLEYuRCmlwy7kEPt7JyWoemwhKfJLPXWSZAQ4jo9NEls5dW+qI/kFkDsOxtI=','2017-09-08 15:42:43',1),(16,3,'GQ6EZKBp4tn5Wfv94uA0ZsxtiYewk4ZLyChW8jC9GA37ujyrzGg05oSUcAy9LUNMwYE=','2017-09-08 15:44:20',1),(17,3,'D4zNHWhLTyo/zCnAPlJEyFH/1ol+seiCHt6cy13EvYGahf48asiowsxa2a/SDjBCHJI=','2017-09-08 15:44:47',1),(18,2,'IiN31klEYWvEeYz34BDgtpFmLC5AbMa1ohlImkcFGh02A5QPghCSMTH1wYqDrxZDPzE=','2017-09-08 15:45:37',1),(19,3,'GoEkuo558wO0nMIXJVtsCINJhf8C0oKx/sWeLdzAyCBxtxP9wISSiPdEu/RB0HGc8p4=','2017-09-08 15:46:20',1),(20,3,'kwP3lu1uXVClmcn2HbTZdSZWub+8ryFtxRTthesj0YYElQn4abNofeJavUgWICEVSFs=','2017-09-08 15:46:54',1),(21,3,'+K7kLspxptFFo4WVI7WcmcHq/JMzQQYU2BR9OyWFXh6pmkefJ2iYUoaMvyACd/P2U10=','2017-09-08 15:49:55',1),(22,2,'1uegytZ/yey+fJATDqmuc9NXfxFJDYakd9KCmRLu7DTuKHN4tSsizFtB6lkEibyaKlk=','2017-09-08 15:50:39',1),(23,3,'bu20n2ojRn9LRGEuncTq9cdFWF9Q881NXoLLg5wlfVKKmPfJKSb+wZ1+8uJblSQY+go=','2017-09-08 15:51:21',1),(24,1,'te3ow9xeW9/KUgYDw5ue3PCWj+Zl0F03/GYhoeIT284eBYFr5pfC5YQq0uc7PKEAhIE=','2017-09-08 15:54:09',1),(25,1,'81TeQtue4GOQue3mgn+PmRnyTMpg7xnprGd9Ahg7qDPN/XaSk0EwP0oDx5D4++2SnJw=','2017-09-08 15:56:03',1),(26,1,'CS0sMcTK72zRYXMPZxnld/xDo3tdEdOepEd/FL+NCUMzO8Xg1PdMXYqoat/7hf/tNT4=','2017-09-08 16:05:23',1),(27,3,'JDjKo93w3/vDVtaBN1H6m35IEMbODk6yk1AYz5Z2YPEWUCb/0UvJN5Hz35QhYs4wGBg=','2017-09-08 16:06:08',1),(28,4,'juYW6JqxsusAUdOBmTM7xe+DkV8CbLpLqr3RpVJeCbu0Y8L2w7yZ/kDPsLoysjJGnL0=','2017-09-08 16:25:56',1),(29,1,'fe9+TXU9RiGArwntwIzvotnTec7UKI+EKQXrzv28CKP4JwM0SGql/pA1lhU2F73qkNU=','2017-09-08 16:29:06',1),(30,3,'rHq8TdNhD46IKkjhqenZUeafrTRG3ruJKZ0E6n9PfTPiN/oGkFNON1/lnx7deGWKLVE=','2017-09-08 16:30:53',1),(31,3,'pnFFfZYsDOkDsiggSluDn9QkeA2QCW11XRIBgyUyk2PmrGLqxP62fGbVYphgYIgjpDE=','2017-09-08 16:41:26',1),(32,3,'Ks9lk70nqAY4vv+lByuvoR3jodJgExNddW76+yjlo8KmTOp0dLMQiSgHV+fproBSJCo=','2017-09-08 16:57:59',1),(33,3,'AsIUrmIU8Ova+wVmE+X35MkmK6e0HMQtYee11eiEQPvAb23ceQC8any4h5CXTmvqxjw=','2017-09-08 17:03:38',1),(34,3,'Q4el/HmINXepHUo/YO4W1Sf5Uj13TS6FzhDSdwzYojPaxRZABbiU0ISIE1PdXJ/nUQ4=','2017-09-08 17:04:45',1),(35,3,'eSZ7zhX7+7/gFrCR6+lGs5fNztPWZ3MhmUseNJnHJPA4HVAoUnwVM+HBxOgmDg8W//Q=','2017-09-08 17:05:20',1),(36,3,'z9mgR2cctuoPXoKbLnC8xe9yB/7FfR8x7lm953UXcsfKkmmEX+mtflRLa2uuudNSg58=','2017-09-08 17:05:35',1),(37,3,'Rz9CTbmKOI1qZQq1JOLCJVVkWjtXoKZQsmy9LkHdIe7fVvRPXSMj6LnvqZpwa2fkFRc=','2017-09-11 15:12:21',1),(38,1,'erbqd7m9ooBHzoiDRu0trlKisrRdj+M0NLszjdXa1N5W15AlJUtjZ8sD3nvTxF1bLFE=','2017-09-11 15:12:52',0),(39,3,'EOhJ96y/9pwPRSAbH3pG0AQ68iK6/m6XWkK3UCCga54EP3v7iCNomVDC2ZODxLc0SBU=','2017-09-11 15:15:39',1),(40,2,'2MpRcxJocmKgwXkhFkgemjkdqXoXC6Dbqj8wZIO6LZULpXmobf83jiZIrv0KbIt9eoM=','2017-09-11 15:16:05',0),(41,1,'EeSWMupjXIzTI+16k4S4lX6ApHv6VOqB2PMzIrHwraHNB0qqN91Xxnygu/JqvbKqwUw=','2017-09-11 15:18:50',0),(42,3,'ZFKUwYCshQk0YTv3pXV0Zn0kvNy0LY9VSErFOcnca//MidElE9/u7Z5aVojR4dwLf0M=','2017-09-11 15:26:30',1),(43,3,'MoZvflRa/Mw9LpmCbtILO7bvg2uEA3+n2X8mQntAEXEQH2kUZrnC1jWi83VGL8WISBg=','2017-09-11 15:28:37',1),(44,1,'EiRXqDUoyeHwM0owXkxY8VRsoYK7ppi1+ZIrvvYrO7Oak5ZfeqM2l3u15BQe1OXmFKA=','2017-09-11 15:55:49',0),(45,1,'iPXFnvFHlKNicBF62XIJyOdaN4Cd/dJExvxjOcKbMGMBZ7L3FydUW9N2WWwxv2/jpbs=','2017-09-11 16:09:57',0),(46,1,'SWleKuo/bi9BY6XhQQ54g1qRtoETonRQTt4sq0w+j//Qf2ssw4BE8ckZYsvmOaTaHS4=','2017-09-11 16:15:55',0),(47,3,'g7kyy+yGYIaDxuVxnj3aNI9YXVR03k5CevbnlfO9EY0EHQdZ+PaxegVrygAZGluA5vA=','2017-09-11 16:30:45',1),(48,3,'2dMmZFeeje5v4YqaZn0KIEzudk7QNwZEiA2ImFHwC51bms0cd/O9Te/KJRgvPQBQxKk=','2017-09-11 16:31:10',1),(49,3,'vz6RIrROr9verwWGTViEZvFYSQY/wqjMzFkj9sMGWVTs08Vo95GIgdpBDxOTMTxQ8MU=','2017-09-11 16:31:34',1),(50,3,'FjsjF82a4zioAPmBVQus3mCVBjG6fPQpkJXDE1927aoWiBonaPF4bcIWey165B+UnM0=','2017-09-11 16:31:59',1),(51,3,'8lmaEWaP5JiWdrPa8d8keXyknnk060X8Vq+zJyBz/LNXRk6XqG+n+MPULxx65NSx8CI=','2017-09-11 16:34:05',1),(52,3,'okiqvh3I1E/5itOY8dSdQtdE9JwefPisSbQ23XgwHMSrWr9mR5sBDhDag/BMbu/73R8=','2017-09-11 16:34:56',1),(53,3,'Mk/ImvXj6zqQH89x2JzWatK34ERzKfxkxBPSDwSbD/XlVzUipQ7e7tFQzxFB1NB04Ug=','2017-09-11 16:36:09',1),(54,3,'2Yq4Py94/PG07rLEiy21ETkdQKD7/Z+aaOdEmR0m+0BryY9Wj9Zd7Ekz2cVWHK2ZVpQ=','2017-09-11 16:37:00',1),(55,3,'nhQl3Uzb6tMPCK1p/9oIQyJKiekzpEEUtmJ07Q0IrzlkhkKr9x3DAYhBtoFi8/2odOY=','2017-09-11 16:42:08',1),(56,3,'lFhiFHjkTX1rjPB31hx4Wx1Btd/OHMifhyIuxZzBEXa+VK0d8kxNFsnxznLRVZ3y3O4=','2017-09-11 18:07:29',1),(57,3,'lKjPyjWcDfxut9No8XwCoNKujCa4nl5ROb6mOMcR13UF7yUyGUiRJIh/XIK30X20vpE=','2017-09-11 18:09:23',1),(58,3,'gBt4F5nH/ZiEtu0Ot6t5cqjpw0NhPusRnosBbdWXDMh/A1e28Fd9BIpmRAFgT+D6ez0=','2017-09-11 18:09:46',1),(59,3,'sA/YZ6f80LaH6OTTlJ8O7kdrjayFx6+Du0ufzCiOQoczuu4ybnKJ0333+69aLUUq1is=','2017-09-11 18:20:41',1),(60,3,'C7osd4znkWIKIzC5ccne8L0oa8V+OEd5LM6iDWxRNj8btwjYaXgX2RhHjqa7IAzwYGk=','2017-09-11 18:21:27',1),(61,3,'UoLO32TbFFDZUVPKkm6JBevwRwMITFZ/RTsLD5ZsZM2dnfFHLVjtHwTT4HFMg8la0e0=','2017-09-11 18:23:16',1),(62,3,'dR/7zpXrOlnaT1fqPOfkzarqsP4WP+0QgHb1Evjr70JpiUAG7pIpHF5UteYalgBFc1U=','2017-09-11 18:23:31',1),(63,3,'S8QziQna0by/BBzpZzO41/QMx0a2Nu3+KM8hk5LNbzqH6LhuOfdOSGMz0V1fKt9fZX8=','2017-09-11 18:24:09',1),(64,3,'P5kBOS6YecKQqQ0wqqCD+IA70LvJqLRQ+9sWCVqsMlyPdbkrYvpFFTV163wpehndqzQ=','2017-09-11 18:26:40',1),(65,3,'Lq5XJLnoC1DI9vh4khLbwtbxpl0aTvo+Qo0V7AID0K+fRVZD/i+JR5MlMoXpEJNLDqc=','2017-09-11 18:29:31',1),(66,3,'JqwT4IhaLe70FSEgoXoHOBcD7tocf+fpeotXmzODN0XWN0KQjigbHQ935DD2B2UkPr8=','2017-09-11 18:31:37',1),(67,3,'LT8dKn3VNCUj5R0I/GIW6+rU6LX5fNb64hM5GzFg1z8IGD9ZSc8zM4OYcXNZczp70v8=','2017-09-11 18:32:05',1),(68,3,'+xG4LpPavhYl1iS0m6TtUKqJiDMWcHQiKxG9cm3+r1lEAKD+0DbnKHn9C1oda4EB/B8=','2017-09-11 18:32:33',1),(69,3,'TEVGKEKAL81wOqxQM6RN5Ht/7pVKush8RP8NQhdeM/Cn2Xqkm8JUq5pG+Suw/51iGP0=','2017-09-11 18:32:54',1),(70,3,'haPB8DW6nLM2j+gtJgnzsU/yduUfrjZ/LrcZUvU5QbOtLsS8hVif5j/5tORb3YZRUJ0=','2017-09-11 18:33:09',1),(71,3,'0NIvb6JDDmEIb3BgWA+6ZvXh4xmduv1xY/Yr6U8AT8QtDZtJTzZWNPSPvkxHa8EUlQQ=','2017-09-11 18:33:46',1),(72,3,'5E5JxxaRT65T57B6CRDN3TqjAH7uHfYyFonQdlM311sB8nOuoWtT1cUPuJ2Mr6VWJo0=','2017-09-11 18:34:01',1),(73,3,'B2bgXjbekZ0uWk89c0kVD4VeJ5UtryjDbUShj92ilTt8wZ28nNNX47DT7OaWUxyuTkI=','2017-09-11 18:34:19',1),(74,3,'2vMSPXLmyIhdlbjdd2GPzUowUJJ9TwLuouKiHJdKPwiEuUkOCnOOeOOhPsdIvwEavRg=','2017-09-11 18:35:16',1),(75,3,'7kpp4h26jw6DYiC4jWi5ytviq4bLrNdmGfdrSORMUgJoxueqHkIpyEkpnF8TGk1JOxI=','2017-09-11 18:35:40',1),(76,3,'7W4qbXnddQID14dnt2bhxrJtfx2LIBquNvAdHQoL1QHxcfP3KyEuwr2Dqt9u2zwtBB0=','2017-09-11 19:19:26',1),(77,3,'1WDDOty2beoBbQrWJT/uljOzdIamp+78PrvOD4dxGiWUD3KS1riB+HmoBXe1SODR3rA=','2017-09-11 19:23:01',1),(78,3,'MzhhXwZXxDd+Ygh4vWnqrhVOrrVQtOCW2KLCzE/6foMHlCAUtWb0WnX47A6e7v+s5Xs=','2017-09-11 19:23:32',1),(79,3,'goZ0+FVtEKvyG7HO8njJwXYI8Voci41GTV+zyQXT3VzHemMstriZDTbHisji66yHNt8=','2017-09-11 19:23:50',1),(80,3,'rowiwXL4sM3GcVIitgqUjcUOrURz9J5DNJNxJnjURkBUDwmynQtv/KJbdTe9grwOBJA=','2017-09-11 19:27:15',1),(81,3,'48wb6eHrSxsEC2MxU5mKA0KhSzt8RYBKbClPlU2eFtHxaqcI3v2vYj8EEsMtcoZ+2Tk=','2017-09-11 20:49:42',1),(82,3,'q66yYrTdaRXn6VIJEPKTm0echq2+XuE57modF7MH6PY0l12pplEB1wnh9BT/jY7ZFWk=','2017-09-11 20:58:45',1),(83,3,'RDsIsjcFP72gngrCREuI6YAyMejJjSfdIUvls1sowdghcZW6qdRhNUmXJjVREdWXexY=','2017-09-11 21:22:37',1),(84,3,'+lDp2GlXy8lHJKdKikIb3yeaO/oqFseFKAoKKCDhIea5s/RUVLhV4kgtt+InZ7kal6s=','2017-09-11 22:00:51',1),(85,3,'KbW+w9NNnBz+oFsA5Shc9BCCJMbyz2+PCc8PhUgkTbAGS03WLeEcmRh/2uVKUogGo+M=','2017-09-11 22:01:09',1),(86,3,'sBJsdnmhWkAL+pona7/Xj2Xl+2SRX3wRl6VdBsgdTEiEPIOmcv1iUCWG4DLAgj3yk+g=','2017-09-11 22:08:37',1),(87,1,'AjF3atFrZvwDetOypD4VXMQvDZfj1qOMnCmgGtVWYnhqUHaPeez9vPxeG6ysDQvaVLE=','2017-09-11 22:28:05',0),(88,3,'wb6yF6f7QjAQJ23NVQpFYwiMa12kpQCq5wtfyxQnipDg9wGAIUR5VA+PYQ6Yvmw3BHI=','2017-09-12 00:07:34',1),(89,3,'ONRBiZdUdR18L/5yOAdIcjgKBSB9v/rFJvhrUFkp2S2mw/tSadTu+eOdY5LtiMeSfuQ=','2017-09-12 13:51:55',1),(90,3,'hCWSLY5aR/kOYUqrp/rkQLQs/IkAb2wOi2qlXpp/2kzq5ghv+clMKmU4zSYqlFoWvDg=','2017-09-12 13:52:17',1),(91,3,'++uHLiIFE4mv5OufKMtkpL6NI8KV04UcSdm+tG+YbmE14+B7Lid5OOWWSze+Sw/w/hM=','2017-09-12 16:10:13',1),(92,3,'Syv+PEACNEl5X/oIN8cyXXPMWFokMgyC4kgeT/aRX45eI2y4HSNew6cRF0WYJiaeBAQ=','2017-09-12 16:10:31',1),(93,3,'drq2BW366Ch3CyAGymJ4oEq4LlAoPrY16c/feuNn2YyDTuK+2Zc8Pw7aYctbuvMATJE=','2017-09-12 16:14:13',1),(94,3,'C+RQqhmdn7uV8cLWxDn6SHrICDVeVDA3uIRw7PK6OKu16qvErvZqpY8/FYjrxMdyES0=','2017-09-12 16:18:38',1),(95,3,'cTTlB/1QL4mWov4XJw4rX/37p8mzi/BdgnqITHQ38UoQZFvNQjA3SBKCV5xH3Rr+hhQ=','2017-09-12 16:59:49',1),(96,3,'M7N6MTnwzgGdZo62O1LFez93tfFXOhKFpF6Bo507z42CB5d+q+i7kV01oCPyIpmdh2M=','2017-09-12 17:04:31',1),(97,3,'2kHoAR9Zzoohsq9IeQIWrfFy79DNSOTLADzkQy+o+U8M6e8yZQGEhrMyOZT2ZiPHOyM=','2017-09-12 17:05:42',1),(98,3,'NgPlOMnenZ6S6C2v8Srgc0XmO3cGrQvLkYNpgxZOni8XmPo41uXwMkOEQGvfHfBXfAk=','2017-09-12 17:07:29',1),(99,3,'LTIrRXl9emhbEhq5aecUgVsIUYEhwhctTlm9k4AE4JNoQD2qomELlPaRh9Hh9O8BDSE=','2017-09-12 17:23:53',1),(100,3,'aRMgHUVFmf7XWVqAXWgT4Ja1R6Augzj3ykX12Br51xzm7UzVI3cSIs5YjsYT1HAGmwU=','2017-09-12 17:35:27',1),(101,3,'8g8kxThMM83IgnhEXUVGNR1pWyz21g2Lz42zPsbPjRr97xB+w1PvXtEIuhAGJaotHWk=','2017-09-12 17:38:53',1),(102,3,'pL7SuBvEsHdJByuVTn5XtN3S3X3oE7JwWsTaJfNtzT+4P+/uXD5VOiQkKBqwYYioLwA=','2017-09-12 17:39:20',1),(103,3,'JxUV/lyEBVyPDd45zRN+a6XdJ19N1VcJJwXkczYPk+f1J0oqFrdrDHJO2S6cmG1XA3M=','2017-09-12 17:39:43',1),(104,3,'M737W4Ryjg5zaReapz9icwL4ZmEg3sq4GDV5KFfaHVocqN7e+1figiIt1FyRscDQkio=','2017-09-12 17:40:30',1),(105,3,'K+SMnAGE4QgM6vo9aZID09gCITHcC5HkeolbxITLjwUftKE+ZRqkkq6dsW9tZlp3+ZQ=','2017-09-12 17:54:21',1),(106,3,'aHyA/ZDxbjpodykpcxxg2Sn6b/fmVVlHAri5Jyjeu9rcyKsUCT4gsKu4voZJfMS6Mps=','2017-09-12 18:35:06',1),(107,3,'84uzb/E88xgzSps1xPHLu+rVM8x9TynBbP2CRa6BeYTMrUFtIRFwh4Ff6zUbMKCHN0k=','2017-09-12 19:02:03',1),(108,3,'mPtkMQs6JRf/BQgzLbhxD8l9sgdpPRs7VMrZHuaaEmXArWidXCtNLcrJymDfNv78Muw=','2017-09-12 19:02:55',1),(109,1,'lgjgbWvVa3u94lh9eg461A0oiBprU+Egasni2sVQhKkNAvBBPYhKrb9ouiKHueOIoks=','2017-09-12 19:04:07',0),(110,1,'2KnKL4gh5xmfWJl/G5C1/oM+UB9lpYmZLdpGjmXMDT4BZUCo3k/VklVjJUhTJQVrfQo=','2017-09-12 19:08:05',1),(111,1,'3LSrxd6GCr/LUPKLBnkbWTXno20hZg44s7LTAn6+s4/v72sZsu5+BJrCQ/TzDh9N5EA=','2017-09-12 20:58:58',1),(112,3,'q6hT56bug3Ye1xZqH/6X/WQTRPjLNIkVuwB/JzOxxT5nkFOZJ7kXmLE/EnWk0yKOt+4=','2017-09-12 22:29:26',1),(113,3,'Pefdi3LjDFemzDF2sP2ExUqR5Q0jIgCt+3B8AzUrbAQw/0VNpGfHEWUgglaQjv8ijlc=','2017-09-13 00:50:54',1),(114,3,'Gv0/ZUv60lPHcY8hcpQIvTr7hpADXH9zBs9ZepTZU73/NaH7wM55oduuwK5rDm3KJtE=','2017-09-13 01:07:36',1),(115,3,'u7R+1uE2hmRBlmhftYa8aP4oEhv17Ft1LDnR8prLjNG5MBGdach2C98rtOVs/4zlCRY=','2017-09-13 01:49:41',1),(116,3,'Rk9nqp7IG9dvCL98zFrmrUJrI97dplyCMU3TwFqrc+5LVclXY/oQAdjv8RP7faE7olo=','2017-09-13 02:02:43',1),(117,3,'WGx2f7/0iP0iJty1/kKImWv9FrVg7EF+5AzgATLoBBdVwNbzVvG2SmcpxKXLYFq1Xrs=','2017-09-13 03:08:15',1),(118,3,'pxEIIwwotRp1v6mGmye5Lnemn/xujLYQZ/5xgSmFsVzAz1OgImwEQCuDShGHEEQhIQk=','2017-09-13 03:09:07',1),(119,1,'NVDzygtqOnHL7Bh1+8k+r9jTNAZ3Ya7PuYVgY6Et34mDE88MevzAPgxZfO/vqZtCyRc=','2017-09-13 03:09:33',1),(120,3,'TllnWhsuKodnt5KBjVuYI9o1ybpUgrHvRLI0LIAAaWgk38852IdCxNJztOCeD0+egGA=','2017-09-13 03:33:59',1),(121,3,'77ehT54s/UEsYKMSOpByO9i3Efq4gpkVD6P95/t6O9ohCkPPzwByJof5xp/rGscjzKg=','2017-09-13 04:15:31',1),(122,3,'5uk9/5FnCC6vV0D+fw5g0Wys7sVUrs9QiuHKfmP8UTzHwX93bakRohW/gjyNpoW/UTY=','2017-09-13 04:15:46',1),(123,3,'KL+4GTVUCwqyn2IeyhD4ACe3ESvzelF/X5/6VsB9+nrI4RsifGcbdgWl5OewdjbuQsk=','2017-09-13 12:58:40',1),(124,3,'oBUP83Hd7BDo44Je36e4gbu+bUuWG6KpJ5fK3cetonuXIlnjvMwy/jR4KyiMOb3TQzo=','2017-09-13 13:50:51',1),(125,3,'/6Nf+ZcoeLGXduJbroa/5bmS+howJ9HVo7vJVE24jV8Faog9IOetB+7hCTvEa76b2Jw=','2017-09-13 14:00:10',1),(126,3,'7dLUNUZHIDyk5jMs66hGGbb4jCqkk4SCcRso25T3lZkgj7RvdFgcMwLMgLakNo7Tv90=','2017-09-13 17:28:37',1),(127,3,'9vhGuDfzS+10v6ycnR0lGBFnqZ8VZwJl0G15mcshL3yUuO91fupqU/HA4/qQRFf0BIg=','2017-09-13 17:54:43',1),(128,3,'FfJC9HlwH/rXCawefBwJknDGTCjCdlaouSc+wwLQ7O878QxgC/WxsvH4CQ9CyQQnGas=','2017-09-13 17:56:57',1),(129,3,'oAZ3CS7PvweB4yMH1xDskhK/MC2wG01LQM9CS+VVco2SOvdCubSDNpGqCb/us7TmL74=','2017-09-13 18:22:14',1),(130,3,'HSbNIS/WkIYMrZ8i1JxtzZ9G3dyPV4v8xXjw7J3TLaFmdgTJQqKq6SLA4pnljW2KyhA=','2017-09-13 18:22:37',1),(131,3,'mVUhhdQRYIBphHK88xb9SWfBhjdlGOWqPJXDhPjLbdJSwthCC0kg2rEiadLdHHx2sPQ=','2017-09-13 18:46:24',1),(132,3,'S4E5JxSfyS5xzQnEcPpPysjLPvRSyXyVdYB/mVn75ZhRcqU7h6QD8+M0tZuLqomOlJU=','2017-09-13 18:47:35',1),(133,3,'nj4s0tr7c6NPA9vEfsYFRCIUEfiuO76XjkzBvtgV2U0y9vcTr/cF57MDEhZ63Zef7xk=','2017-09-13 18:48:39',1),(134,3,'Z27EfxSkF7GK+zFDsUTUC6dNT78J0YebwGSvlOByhiitmkQMvxAHOqotnXDc5ILCoZ0=','2017-09-13 19:35:52',1),(135,3,'sYDEoqrAlA3n0TDsgWTNYVo3/hYaaOZnar9aJA92a/pGzPtWcHLkCfT2/Hqxkpb36N4=','2017-09-13 19:36:41',1),(136,3,'cjNtsRGfQX5T9rzKuFJKXN3yUV84W5uPhDBdrx2C6XHfnlOiBaDxcVuQQZLStbTUMHE=','2017-09-13 19:47:18',1),(137,3,'zk/efOQBzZxEH7qA3uKW93+DxmkNipl46GDb/rMEIXG4RlqtcmlRqE7+jyiMuPfVcrE=','2017-09-13 20:22:18',1),(138,3,'yyJNx6z3SDnEm/hL+VA6ytKZBgz2IOPUNMtQMFSWsKoAgrSttUG9+Uazfv/e75CuN6Q=','2017-09-13 20:30:32',1),(139,3,'uYQ1uD07ww+zk6kmt7A8cL/3y0UunkC3zPlG/Rhn0CNmbVzEYrueDZycavyLdadF97g=','2017-09-13 20:30:39',1),(140,3,'gWRu57R4aW2FlRJonBmUWM9BzFsC5j/8ybDuw9pDXFpxMgB7PZZXIQ1HyPLB/WQEPz0=','2017-09-13 20:30:55',1),(141,3,'YThirk0lWnoXdbd/CjboCWfW4gp7I5PhxgszrgxKxacqWBCQWbwtTAs827aMAf5ywuc=','2017-09-13 20:31:01',1),(142,3,'tOVqIEYiJ/tNgypBbmLniyIKUyfH8gMmP5o6cmbtX4UFpIqBncGKtr4y5j9+guKrot8=','2017-09-13 20:31:07',1),(143,3,'QPFdob9oRd2w9AXY3ppP12w5ZvjaWEeYpLdoppD2Uh5QKZ4tL6eVBNGgIXglrnp44Lc=','2017-09-13 20:31:14',1),(144,3,'qDUWgVGCYsPMtQVk+EwwZuKp5h3OpTTJZyoBXuGVgnHjMlULO3yHe7kTh6eOANkEcAQ=','2017-09-13 20:33:30',0),(145,3,'rRurZpPjK2SMuIZOHHa4tMffHFWhxFqos30UxBjyXhnMw1IuQ/3n5GCrmBcR9i04SfQ=','2017-09-13 20:33:48',1),(146,7,'k5ZoiOpG4lnKfYKR+kuEOg/COscSOylm4JnuZWaVcjj5GhSIivOjlo6UWnImM3UBnTo=','2017-09-13 20:38:11',0),(147,1,'gQ5fSpgYXUErk4Ge/W9RYqOyE/Ia6gRgef2sINOaSEdL+cVmroscdSj+Eby1Z1gFTjo=','2017-09-13 22:16:14',1),(148,1,'7q0FVGflTYqVwqtQpzNBAR+bwrR7iZ7HNIDMGQJTEGkP2KpSbeoG8s7RAyGMoRZnkuM=','2017-09-13 22:16:35',1),(149,1,'ST0HS+1LVCN+s1OyNf2pLCUMP+sMZ1RgTqNH0+QrXlWzvSrkXZw3tseEtagXYwJxg/0=','2017-09-13 22:16:47',1),(150,1,'lE7ki5SPxGd3UV65oQn4HTRy2TpFIRTn8bR92kSbh8sdZF073EhNQOs9Tc8pDcy2qcI=','2017-09-13 22:16:56',1),(151,1,'ncx4/SCRaiXzJ0wwHEU+MTGpiIfkYBsYL+8FuphNX7J4Nd/dPo9GzcJ0489PcGZQuwA=','2017-09-13 22:17:06',1),(152,1,'aA3T3ClC7r4Ddc8UuDLj0jRXFr/TIzjMd1qz73Ig9tgDGlpbPgswpROso6wanXhH5CA=','2017-09-13 22:17:26',1),(153,9,'/Csey9L4ZNRV6iiQE/wl4jrgRyR6CWF8OZ38adQ8dQwJsq/j1MoZfr4Dl9AVc+VFNyY=','2017-09-13 22:23:22',0),(154,7,'FnKcIE1qoIxhH32J+oET7cB8wkKK6WFOf6kREGK6sym9KW+b1lHa9B8JrgzZ8HnhTWA=','2017-09-13 22:23:58',0),(155,11,'Ce5gf4j/YfXMyxjSRLpuZqv+EOx1Xxzx3KewiYTa76dnbRqLVIgBPq790GQo1oxAr+I=','2017-09-13 22:24:32',0),(156,8,'ujldZWdtD0olJhlJM+DtrSQZh9AHvr/j/MX/F65b3bj/+037PnMK8pchiptK1Y8ILQA=','2017-09-13 22:25:30',0),(157,10,'NTI6Z7YMFRX19V8yXvNkCwedsNBz3MPafujA0RndtgFNH451hz4/0Ekr7jnnpOSrGvI=','2017-09-13 22:26:21',0),(158,4,'8wHjf/tcLI/32I+d/T8EAfpAFBseno01I5MIW2RSqCuzVPe1BnmdFLnxEx21CcEMkqo=','2017-09-13 22:33:29',1),(159,4,'dLWek6U9d2G5QrUwlRcrRmCOLBbsghczl2qZIld9auBV5+ZDc6CYBuCJ+oW/Jj4q0E4=','2017-09-13 22:33:57',1),(160,4,'JLafLrS/3ot+gq7a3tb+wJUp5p1yPgfH5nNTnj2xErTWwaU8HoLV88r6l8TTX2x/vqI=','2017-09-13 22:34:57',1),(161,4,'Fqgxe9Yd5p32IMU9Rk6Ika2r+AmYhDs7HqqVdety9vZLe2IGx4FoYaTAKRMNkDFEQZI=','2017-09-13 22:36:43',1),(162,4,'yqUd71BHhH3xKKYdUOCvRMnGEd4j7TBMFtbcT0NSZMyzaj1Kh/5JUTRgMb765d+iicY=','2017-09-13 22:38:44',1),(163,8,'6WYByVXWx5N7zzV2M4GnHJqpXuFBglLu2/x+400M/bgm717T97AZnV2UArKUjVSWjxs=','2017-09-13 22:39:13',1),(164,8,'hrbPF+fKcO8nGn2Y0lD1vIPW/Xcxqj+5zihQEz9BtWzNzlhDIKaaBTFqXT3Rhc2EngI=','2017-09-13 22:40:01',1),(165,11,'LqZvQDEZelgx4izGLSsSmIF9bSmpGf+on+tQJ8so7Zf11lSoLkSG8u0v2NRtWKZowHA=','2017-09-13 22:40:41',1),(166,11,'yOdEVMgYe52um85v4MLKmenQgER5wllKLWFSDVgA6uDYP2+nmWtb2aT9TKov36j/LeA=','2017-09-13 22:42:28',1),(167,8,'uOc0al0+cHqcO4ozr9ywsGYLtGxRkFEoOoB8lBJ6XchA4JkPF5k2dSBLaeMm3Jrr4SM=','2017-09-13 22:42:54',1),(168,1,'YFy8S+SOk/GNDPQhm4NrSgPQRwX3medDBBFmnWj31UFFaLrC1GhtL5T3r8uNcHE4HIA=','2017-09-13 22:43:42',1),(169,1,'S5p0Qe6j7RzygUm436P3oD8sagL7mPRdLQimyQUtRyKaeXi6HITuxKQUKXcvB/+sNO8=','2017-09-13 22:44:21',1),(170,3,'YthWASn3TJZIcvsp99RxQgNRx1ss45a5uKZBETVzgEpuMCJEMLcaCrq9WRASx0dWu1A=','2017-09-13 22:45:40',1),(171,11,'dScMlZd1SFQE5vFAbhEXzsBCjFVipPSZY7aGKLTzF7D840Pelm/CAHrAcbuXTOQxAYA=','2017-09-13 22:46:08',1),(172,11,'cYQI0gB2kWbf/coO2IjMtD+5xFPgIN4UTvzvEhy/uwtZmPOr6uiQzj1tUjgtmqXhg30=','2017-09-13 22:47:05',1),(173,1,'JFIP7RrePNGe/vA6GpC8Sq2iT1oTCFNMyV3OKkjYkHcgxpjx7hQhfSuQKXYEcES83tU=','2017-09-13 22:47:40',1),(174,8,'AIDATna0h6fHB3akjNHbMUfovCSgp5y03gHq9z8XZAFHjKGxfXQOvfBA5FSN21AJUcQ=','2017-09-13 22:49:09',1),(175,8,'9DXEZM+OliPIt7Lf+VEBgZD1+XxAUtbq0oSRf4aYfW/b66z9ivoJiBd3gPytZsHVa9U=','2017-09-13 22:51:18',1),(176,7,'kbOSKwRZG+cXCzDqBpd+dpCNeKU4ldOGnPhI59KJx3LUDHlbbcoBph4l4Z59q0GLWUo=','2017-09-13 22:52:06',1),(177,9,'fP9XmMizGOl7h57uxBfBuEzrj6MfY7xkpfTvsLWS3Fjok1bcHZ95eW+CCOCwBiddjCk=','2017-09-13 22:52:37',1),(178,9,'s8ZlIV8GefIPD9Kaq7Ndjm36ZFL6uDAFXq2AiohO8mgze0kQe6GcE1U7WrwX2HSEAiY=','2017-09-13 22:53:25',1),(179,10,'7dZsQ+PbISFQwZJvL7lQPV//ry1zQVMkl4nzLczJ+/SdqYtyudJq85VBkYVQbqOrIaQ=','2017-09-13 22:54:10',1),(180,10,'qmDF9uowVZNzz+dwGFcTE9D14AAjajkt7eRFAUgHRC+xVMhOARQnGErfyLstpkplaOY=','2017-09-13 22:55:02',1),(181,3,'tWh2VodKy+5oSoL88uz4cXFL1fjPXwbW4LnTkGwg9WcGVZDH4CY9S8HsTttimHw1kTo=','2017-09-13 22:55:12',1),(182,5,'j58mv18MiAJFgxdyzTR7Mw0NszpPhdTwHc/GTLbGUHMYeDCQa+EpyRMjEWR322gu3n4=','2017-09-13 22:56:07',0),(183,2,'rBI75rDIA8Wwydq3JhnB6Xzj65+N6QaQPD9hl5raVyCxSG3pR7zdo7OOkwACzZMYdVw=','2017-09-13 22:57:06',1),(184,3,'LzfrWZZeg76cae/41wnhYJVu+dmmLPzSwFzY+BJEBy9o2vFkV+OPOitvPXpe+5q6YBw=','2017-09-13 22:58:02',1),(185,3,'GgX5dACstnjY7d7ePCPICzXfUxRU3rJIOI7VOXo5qGSmZ5ICUeDdve6sllYsCTmRtbc=','2017-09-13 22:59:17',1),(186,3,'dm2pxvVh/vSIwoBoC2B6jhtMx9DqwhVawwuHjBVw+2KZbXcFPQvwzmoorq/xjozrs7w=','2017-09-13 22:59:31',1),(187,11,'mu6vo+RNSCD1wVCyqcZvWBJdeRwfJMw4IOQmZuevuVplV9cUmgQSncGA51VzJi4BzIg=','2017-09-13 23:16:29',1),(188,8,'GCOtnu17Bq5ow1x+uM39OMe/9aYPBmB+CfqyVzUoUQPWxh2jCHvEC4XH5sZSKUI/HBs=','2017-09-13 23:17:20',1),(189,11,'7tva7b3nqB1cQkgcQ9w8eGdz2//woHrFsmt15nKeOvsYmWWriqq5fV5mMDcdFgjaubk=','2017-09-13 23:18:07',1),(190,4,'Wx+d2R2eKUU2tmKJR/A0oZk0GgY5gEi3XXoOAMzFDLinwNNC3Sl6lZLmohFwtC/blaA=','2017-09-14 07:55:14',1),(191,4,'NmxJfRPyDpdAn/w0z+9hKMRL+EsSMSIdVEwBADaQm8B5nxw+zCuQixIT1Nr2FvvTofQ=','2017-09-14 07:58:12',1),(192,4,'hrOD6cvihtRrcuBC8aiWDDZ6m8gztxlg7s6eAdUP9ZQ6K+Jxa2ZDPOPmdleJipnyrhQ=','2017-09-14 08:41:16',1),(193,4,'Fzbj1nCSVyQdrFITO1YbjG0tZso/Aq7zQ4+zeNp9IHYexDjl3r3t8k9hVswjcizYWC8=','2017-09-14 08:41:51',1),(194,4,'Xx6PoaK0/MTMm7KVwyxraee6UdtDyoyMJw+ldk5GwJ25fl0Q/9cqV6XX2nLuHThrQRA=','2017-09-14 08:42:21',1),(195,16,'7LVovZ3xUXAhKGAmyQ8LQyChJ+lGwcoiW64Cns9N1VEJYxerEG35gZr78P/ACNJnki0=','2017-09-14 08:42:59',0),(196,4,'0iJRJJ9XwtTF+suAt5gBc0Iaox7o49FkueIRWox7Hif6bM5Pfvcgyi45Rg3oZt1KVIE=','2017-09-14 08:43:54',1),(197,4,'agEHF1q4gKh+VnJVU7WWKyEKiEIIkzF6IqgtMjxy4e3OAsLkHhtT7LjHOwlRk9zBTdc=','2017-09-14 08:46:13',1),(198,4,'6xrfSLqkV5daj0fva1X+i4pmuQHjG16eFPXKKBTHvzjcmAs72wIGmngu81P3z1BzSiw=','2017-09-14 08:46:37',1),(199,4,'Xdhu1Bt4M+7TO0fm08ZTcdn+AziG2QNWJU1dlhyQbBYe3tGJ3GyOV+fDz34dUXJ7swc=','2017-09-14 08:48:06',1),(200,4,'4XeoROg9TNKMEAPkErRzB543hMIFCt8rJFpCAxPGGLv7WCk8/n5x8BmYygDHP7YyxXg=','2017-09-14 08:48:18',1),(201,4,'LqzzkOyGKbCHYS5vCFdCNl+/cMvkOraS+ohz2gHQKwRTcedyq5Tn9acbyhn2MALBAhk=','2017-09-14 08:48:43',1),(202,4,'enqDYQGVTRLlYsr8LDMoxAuxcP7YRWHPVGnGJe1u5wMjruOaGIvC/AT2VjiV6EjKQa4=','2017-09-14 08:49:13',1),(203,4,'hxREWje7fsCLQPb/yFEOn4C3cIItykhU5DdVZoKt2RcXxH2O8gSMuNwIO0x+XMEupHo=','2017-09-14 08:50:06',1),(204,4,'DXni4u4473MxJy4kuhqaX/E4zB11WDNqZWhmTldH6f9lK3wGEGtUJ7EuaouHwfNYyB0=','2017-09-14 08:50:21',1),(205,4,'7eE/JL8m/iyBAbUcFjvNpr1+WA7fKCvbzBt7pWVGEsiz87hcgm8hsCbTiQLByKcqjAE=','2017-09-14 08:51:05',1),(206,4,'vhRath90vw7yVref18EbGOE52e2ofHz5UJ7EBroQrSz0cMt3M8dq3p+5GL5D3Ymv8Rg=','2017-09-14 08:53:26',1),(207,4,'z4u6k2iMEWDBy7XRlsRxohpHCB2nArdv6nLC53iorRJSygBZHtVT1l6R4wo9Zapq/Kk=','2017-09-14 08:54:19',1),(208,4,'MqenhUfzvbUEbmVts82ax+aHgU3t83gy9xHHe75JlnQtJ6oa+qpMTnvETRxALmeenH8=','2017-09-14 08:54:48',1),(209,4,'TRo+7lm/LS5nMnNosrQQhANu54+drBZHK5j4fI/VmSf4vzJiRJ3JbmMdlTodENhF7kk=','2017-09-14 08:55:19',1),(210,4,'tA9jXxZ0U7V+RmIZ0jdF58H2mtrKSEDJx0NwIjDgaZ3Jg+MTjaynLle8w3jc+4FdotE=','2017-09-14 08:55:51',1),(211,4,'K7y86gHYtWYCfZDu9UaXujM00/+tcy2x6DDK6MPq1dcgv7THWgrWUuuuTpfzAFezSPg=','2017-09-14 09:02:18',1),(212,4,'b8PlGrAjtVwu7ue6U9shTzulJ3KZ6xQQQsEpjVuiHuOPkOWaFhvUraZEVSfhYmXJmi0=','2017-09-14 09:03:02',1),(213,4,'f0qIGXJ2+WM15G2zdx64S0MFT5Z1lucN+AXISOFCT0owKHsg+SprrQd/qBx7jwnhUus=','2017-09-14 09:03:19',1),(214,4,'dEXNPJx9Pmgrgu48I/utBMtmJvnc0S1bebMj4qPq5vrXMA3FH+e64N0+PoZ0hZR70SA=','2017-09-14 09:04:11',1),(215,4,'MTuRIR0/EGAdguujLySjtVqCOWGNZXrXly+fGq6kmWfpO+Fut5Ht4xFEAonVIxzDsX4=','2017-09-14 09:07:17',1),(216,4,'vVz/ivpCZ5ypR4BOVjOZxtRBL0kZmBEFgqTwiVr9vg3zA7mggc1I0U90AkUj45rh48Q=','2017-09-14 09:08:05',1),(217,4,'5ZEexChO2wKqpBISdQ0YunzjdYgK0qrQgUTOqauw7iRDAUmqZhzxmAWE0wPkiVTQYgE=','2017-09-14 09:11:11',1),(218,4,'wj8KEEfeekKMSt5rm2dHlscYDpt6PQ9h9lNNh5R5GsN00cewMxx4RB7JUa5cJ0MEhks=','2017-09-14 09:11:48',1),(219,4,'Tl28iGry5wxBI6Hs5HNzIdSGI33ChNlPHI+k4R4JMA1/9a/H9IWz/bytDammuGF6HLc=','2017-09-14 09:12:23',1),(220,4,'WTf6vA9Oxt6XgvKmQSaKNLYXU7LjYvSKz4A+I22T6zo58TzqwDGBZk8nUOei4PaaXzk=','2017-09-14 09:13:10',1),(221,4,'0jdeGJb8BlsXzaK0XRKQ1DZF8jzQYzME/V5kifzkdHALaVhy8ajpeRmot/T8siFrHQ0=','2017-09-14 09:14:46',1),(222,4,'1x/CwhnqHZHLxDOuI6+U5xUT4iqyM5q59YxIaXMDmp7xz2HUIE6PEtriNnewZXGu9UU=','2017-09-14 09:17:05',1),(223,4,'FTQ49WCI38yRp/FaO2jniv0XhQ5D8RkdbMTqq8oD2bqeCofxK2qllOfzz4Iiq2R2viw=','2017-09-14 09:18:33',1),(224,4,'DcKK03iJBACCufWSwFa8ATOi5AXmQZbg3bu3GFksJZwNPNiT2gJ+VnkwplTYxVU4Bq4=','2017-09-14 09:24:18',1),(225,4,'tpBLLzioxegO5c8ZtWbQTL3zEyLDB/Fw/ClnOb2Astcq8Zu/RdOmA2ljPyB2WJotwB0=','2017-09-14 09:25:20',1),(226,4,'6qLeF0RKGfSeb8NpfytYgCgJZZnupr/934Ok0O7KSsNNsYJP6PGD8T0lDLZygL4nIQk=','2017-09-14 09:26:10',1),(227,4,'y83+mNx+uGDrjoyyiApwzFNxhS9R/QDKZqbhWEjiiu6vKz2WzKw1rusDL21Vfxe2nmw=','2017-09-14 09:26:34',1),(228,4,'dG0bZs9Mh6bFv0YFDZCNKc+A0Q3UIGWAVMZyNQknO49kqpHhTeFgKFyaGj5f48fZZLs=','2017-09-14 09:26:56',1),(229,4,'5lPDU47sdpUNccqx2k4zk0pXbFhtQEJqZvIzDMKjpbANeomt2krmfXJAdcC2c9PrWSM=','2017-09-14 09:27:23',1),(230,4,'ePkT/Mc6dGDPfWHGTCZuUraeNFqu6O3PQ8HsTTwtyxcSZFgz3FvCg2xqCI5MtI6QIFw=','2017-09-14 09:28:26',1),(231,4,'iuCD5rcRnoxyFmqR3NN1Et5Qo2VvBBQ5PpA454U5LPLX/RPY4IVZO3QZtC8fLxfewMU=','2017-09-14 09:28:56',1),(232,4,'sdlbSRf8TVOzxyRdz/RAULYX2nRf468A7oqbo73vOxJCuxvTo9xT1qEfdQyEJ3HrV/A=','2017-09-14 09:29:26',1),(233,4,'H+OXhNYVxdOyOTKN5I0MRsEwI0Rets/WN7juuWvbJYpSzMWPgRePquBxFNqK9r1MotI=','2017-09-14 09:30:02',1),(234,4,'sk6UkATVgAAd0A9lrt3zZ0fpSCGPxOwOtaP7wQ9TKL77z7e1Y25/Y5oF74T8Sx1MyNE=','2017-09-14 09:30:27',1),(235,4,'ev8Gk5kk5Ab/8F0PXbXIbWD1H2MLAk7deDf56GisAjIRpEcFOj1T6Up2LtuVo0630hM=','2017-09-14 09:31:39',1),(236,4,'RK6ilGqr9z7ySKMBEqMGgi9LPi6UMHf8JcOCCarpb4wpTXgaOYmnEMyCZr1soETdrCM=','2017-09-14 09:32:13',1),(237,4,'77fwWBOhY4MbPPdOlFTd7EuvIqT9zI4zXaBoR1pvi8zyRkfv64RIOAYnfOr6+6njzGc=','2017-09-14 09:32:37',1),(238,4,'9bwVVIuUpaPqOf/cIC3MHP38NdqkvXIPfaFIzh1GYn/TqYDWVFF39kcceV6SYXgat78=','2017-09-14 09:33:10',1),(239,4,'y2WWatcQz1lLH+Wmm0a9L1Ek4r4ZlvxiPx7KySsUCw9dN8nCNU3/xtFpP+8Czhu4sN8=','2017-09-14 09:34:40',1),(240,2,'bsTtPwWs12sLwdySRqTSYYob1QjyByb/H+gapvb1vMGN0DR8m/26DOQcjOVRnDtUQb8=','2017-09-14 09:41:01',1),(241,4,'Zny50acPEinLZCUArFTmvnYyTNuadEZDIWEKG75A8pVJhsBO4ZBBux74+qIxYFypeNU=','2017-09-14 09:42:15',1),(242,4,'5O2HFvdUUSmaOvs8ACic9MD/9Q5vTDrq4hTYsG1RYLuP8LiyLbJTog8jSX/e6Vg0c4E=','2017-09-14 10:01:01',1),(243,4,'wMMHGN7t2p84Pg921m6XqVpD6qLHyxi2iB2CRgnWtqhcO6NgbYyY1/u54zO+aXv2bfk=','2017-09-14 10:28:45',1),(244,4,'iqvX/VrA0Urql0QJaWXoA6bMaMwlzvDnFI77CrBof1gGnqCDPB8mZQy2WYWoPdtQcUY=','2017-09-14 10:31:21',1),(245,4,'hWHn4pUa17+Jl/oFpL1640a09e9VtvBLjTdYd9kviT+imJ2OCrlysz+MbAIHdRgXjdw=','2017-09-14 16:20:42',1),(246,4,'aYtAPcL3NROnVl+W8p7xdUF/9DOAxIwDnFPuimJw4nt7YFKktOrxgXXJwHPQdqzaOGo=','2017-09-14 16:20:49',1),(247,4,'97yLJ9UgdOW1xaKfK3PQSlo1im7+wCDXCYcxUzToXgYDMagp2Wsvz0U5f63HZQuAZmQ=','2017-09-14 16:58:16',1),(248,11,'AG5WdaKzvecepQ4z4T/cs9RmzFiqTrgjEdFlw+lipEy5Uiy+PiTV9SC59dZyyddEv4g=','2017-09-14 17:00:12',1),(249,4,'KObJFN2XkPOPFiJxhT7crasAlrw1pFCvnQ1bdGqODVrXaB16qMzSRa/XRKfhyCJ1JLE=','2017-09-14 17:03:44',1),(250,1,'9e2u5CbOpmQ32ja4RdV3v/u+Me//EeQjsizNcs4Kyzz+vgkb5Pj/A6a9eG+gaU+G0Yg=','2017-09-14 17:07:13',1),(251,11,'ZT5M0W9J/DlZMZPQaMQXlVSTs0W1vyp4v+EiypMhFbzVnUxF61ruFPCFU9BgU4Dv7YQ=','2017-09-14 17:08:00',1),(252,11,'NSnfROn1P+53b0L6wR3sYEYPHV5n3VtZtqiypSlDv+6p6mSMZFwtrMrCvlUeMoVaCaY=','2017-09-14 17:09:57',1),(253,2,'4aU/w5fF+dGB5oAd2kKMygUh8UeayJ5QwwdXmoIBKmXeDbFgUN8DyR6Z0oHBODuC1+8=','2017-09-14 17:13:55',1),(254,4,'TqlMDnBKo65K4I8yH0xGPxoazBSy30uQKgNsbeWMnLfyMyFIViPFav0JuwTZzXPXpnw=','2017-09-14 17:22:34',1),(255,11,'o9CtVNcApOWbJA9QsZdFqMXFxx/zwjeyi4OHp2AZqfxUh2HaIKp5FApUn+sTe+tkfYM=','2017-09-14 18:04:48',1),(256,2,'NDBMkLwXYgnuJZM6CW7IzthHR5JdZvaCmAJAGyPbGCvW8LyCbCFBimJ9P6lkEGXQznI=','2017-09-14 18:10:41',1),(257,3,'3wGaS1MF0zI1doZNk9DaadsHJimd6bdOzcIWjn6HUu9FBfcSHtVXFOoQxTIx3H7HI6Q=','2017-09-14 19:39:03',0),(258,3,'P/mwkr+lH5DeOElw9JYQNXbLO7HGzYs0uXKIe4fHo2Z6P5iN5AifZeKMGC4Ql0qMra8=','2017-09-14 19:40:02',1),(259,3,'XCqfFv6mLEvgMfJfsPhd7oES5VJWJSwrOGj0plybkjdbcKfwUz1rf8Ib2E3xio/Lm1U=','2017-09-14 19:40:19',1),(260,3,'mt04I4o+6wy4pqx4BCe/vjsxZx5uA/f1qQETfiw8LwTMjfzCCua3fTMB544ASf9RNi8=','2017-09-14 19:40:42',1),(261,3,'gNWH2HoX33IeWxMW1XqAtJ5WETSIrHegBLhZeeXPiXYx0NDaMpaCgJJk2CLX8+QVDkw=','2017-09-14 19:41:41',1),(262,11,'6vPTz4QvF2cHQVcWPMZ5eTxlV6pFyssIU0XxXMhUB177D8/3hSTWjNNTI25kMnbZG9g=','2017-09-14 20:51:38',1),(263,3,'L22cneT1KSYbvK88EZQB6IDpGS0Ktqu0pWBwN5pUGxzCeftBAVFezleUv9BJth1gayo=','2017-09-14 22:00:06',1),(264,3,'uVg81ryEmNTrR9ciuR+f0+KuYuH6LQCV8vrxPNRou/Jm0wfmTE5uOGK+Y6rZbwgQKto=','2017-09-14 22:00:49',1),(265,3,'sNZkl3Szpf+cd5RXvjtfpTJ5xhYWiTAEqDcWgpAYWftf3rFpfE0TMAYAoiSXIGAaHNk=','2017-09-14 22:01:03',1),(266,3,'TJAHQ6ZXzTEhRYIinUMRzJ4XmtKYyhOhELSaZliLoCZUIrYWF0KgMkavYvYW1+z0hFA=','2017-09-14 22:01:11',1),(267,3,'08chMJk/sIGQzQChKNpueOaaNzL0kcz4L8iSIYUaNZ7AFIMmbjDZjh0K2oBNVsy+/GU=','2017-09-14 22:01:18',1),(268,3,'at+DCpMYztTMdLaxNkWv6R4gcwDCzNcne7TDFLsnsvKGRtn3FqLREXC08uCtg6Ot3ck=','2017-09-14 22:01:27',1),(269,3,'tqq3e5C8sq7pm2MGHQYkylt6P7NzwuUUbqiuf5hTzeFw3G5I6hTK5rgAv3EcL7Ix/dw=','2017-09-14 22:01:36',1),(270,3,'kJQVVWniY53grbRxEt86XeZrXfuk18ztVMRSjTZhukFVHW/su+xjPa5Vb0lAdRKtIy8=','2017-09-14 22:01:49',1),(271,3,'gfzWGn6pmeI80caex3+AjS2ofAOl8Jg2Ax+cRuAgahhpUhKDnjhJPh64+Ey/Wac2Wvo=','2017-09-14 22:02:00',1),(272,3,'OmF6mkhHz7Kq8ri+1ITV26UxADLoyDdhu452NHRaExBXJZSQ4rFEE820JA/07xaM6gk=','2017-09-14 22:02:12',1),(273,3,'d0QhY8vNlvi+x8d+KHC/JyiQM3RHhgg9cyjO4lsbMf5OdmH58I2gUHAwTbWZM/WCohs=','2017-09-14 22:02:59',1),(274,3,'l1XBwckIwJpMD2M1CSJ4peyqbDVDRnermk74vT0jL7glRZIxEDodt/CPGGeIwqKSrbM=','2017-09-14 22:03:07',1),(275,11,'0Rk3UAQaaNGBSs2pVJSsrxRxitphEH85KAKVU2Zuyrj7yJJqzaXAhDSOAh208FwSlcs=','2017-09-14 22:38:40',1),(276,11,'ZAIoLwoEy4djze0hN8dNjbjtY4CjVeSyeToegeioY6xd+70bpzPlRKw7za9M54rGzTI=','2017-09-14 22:42:49',1),(277,39,'K2z4zIakAVUoM+QioD6QhUzYTvoXOvw3s7ArJAeE3yFnA0zE3murmQgj/8p2evQhfIs=','2017-09-14 23:09:59',0),(278,9,'kOyNBpbqoh85w1h43J/ZhpmvKliVFgTT9Wm6S66AoqFd5qk0Lo4+2l2cBCQI8rzW54o=','2017-09-14 23:10:55',1),(279,9,'TmUxbnSRpMrqHb95JMQshVwty2unXJ7g2CuU9m5xKQqUWf5runeKXesb2aNa4I8yZo0=','2017-09-14 23:11:33',1),(280,9,'fHYBmcG6M3+lI7GVvRxSrim9M4L7EaLi+jUZ2/OuKZ7qmYmlbsgI1xKthvea7L4htBU=','2017-09-14 23:13:16',1),(281,9,'Vmp14ml+Xw5kcrOUuSkkrt/Fy3Lal2WnsdGYP22+0fGWJh4fdMNy2Tnt38/fpGvmTuE=','2017-09-14 23:16:24',1),(282,39,'Hnytq1QMwy0je9EL91t6scUfcLK7XbfOSXp31mnTlo3JCPPyiValRaANf+HkAOfX1BE=','2017-09-14 23:17:22',1),(283,3,'GU2QLdZcsjHMLlK57M1prvgeNGfLIg/u9U52OwWWSB5zC5iNXVs6Kf5P/vwvv19HoGk=','2017-09-14 23:47:37',1),(284,3,'8nAMcw/rP7PPMKoVO0fD6ebGDKT4XJvrKoim+GzCygpUJNqyZyLUKAAGm5D71PslDaE=','2017-09-14 23:51:00',1),(285,2,'32wnrt2JKPNY3DYqPcg1TMNSHw4Z2pJo/262vIKCcpefnWFSVpB04sQATjnJAAe1jw0=','2017-09-14 23:59:41',1),(286,4,'Cxt6JGOFACThQHYGywqwCnrdJ7c30l8sSyF5/ebPKIsxm5vma4QM0gKJYeb8P1dBXYY=','2017-09-15 00:06:53',1),(287,11,'boTfcTX5O75hW8Dadfp0bR515PuxzLQf3dKj6txfk35iURSDaJCVDyEO8OCSfRR/6bk=','2017-09-15 00:37:09',1),(288,11,'kG53OUl6GD5cVYpg3DOMa2ATfbcH89877SAp1jqtsazxx7Qy1/JMy2ArwuKLMX9Tl7A=','2017-09-15 00:40:05',1),(289,11,'PioXYTT7jtwYS1VIuuTrWoF/2zqFSnfv2Bq0VaHwnTfhFrIRgcb2zORSsyn1KfYWe38=','2017-09-15 00:43:15',1),(290,11,'I/nU2LPVSqVUQOp0zEs6JGlkjygHMdH1iNDe9O+LjC+0q8tj+7NYPMPhGKxVw6NJUhw=','2017-09-15 00:45:13',1),(291,1,'Gjlb0DpaHZViFt5LnIqttLtdWLhpAwhxUTRBXQieyG1EoR2tb7bPgxTJclklgqmnP6s=','2017-09-15 00:46:53',1),(292,11,'vPFW6WGbx7z5xe/oVL7XOVXnHsU16UEMN5lvJB9yMjV6ICzgP4ZvDiLpJ7PXoPNNQuI=','2017-09-15 00:48:30',1),(293,11,'fOXSlisRjjFhwnFzQByHac5YXRi5ymsyGCx2B3WEK6rae1JP+kuT8CvVBYZy59xPr9E=','2017-09-15 00:58:20',1),(294,11,'3UyxS5wX1VBBzAc09Qdjh4UAAVrWlkZ0lBJdDy0qZQNVcUT2HDJ8g6Bl3f7sczDa5CY=','2017-09-15 01:09:18',1),(295,11,'v8kmVI8LH7emVw8WKEXpEVwF1zJB6xHxUW2/AOEgs1yP5JElPgnvpz+XjA73iGVFosA=','2017-09-15 01:15:50',1),(296,11,'H6k9eCwNambESzHv+Hhj2ViYjE2ap3K6NKW72l34Vk45uUjTwcEDn1RaJSr/EdJ+xxI=','2017-09-15 01:20:39',1),(297,11,'oGoZlfX62NZw/bpPTyy/3AYKAn8MfDCqWO4QMsbXXVswuH7QkurKb5pHfVldK62vao0=','2017-09-15 01:26:00',1),(298,1,'wIvcn4bbdMlfd0X2iD5L3Flx16VeZTakMvr/aZYHBfvcW+K4JKp1KKmVx2KXJkGb+mQ=','2017-09-15 01:45:46',1),(299,1,'QRJXkCSOtIjfK+84N7ygj3viJgJ9MLU2Y175nNNnkPafZayv8P6g9XXilX6LO3ewURQ=','2017-09-15 01:46:33',1),(300,3,'PbxEe/AoVUh4b6QKRvNFX1OhvqQDLPVVoQ8M4YlZPIqB2jNC0xwJEmx9y8Gim7Z9CvE=','2017-09-15 15:19:05',1),(301,3,'/q90iTLcesZLasiFcysf3ktMsWsJS7i4g9ssEon1YciKHdN6UDg905skobrQOqzlkQg=','2017-09-15 15:19:11',1),(302,9,'PnixQpKhWU4rOXlsQ/78m/A3buJ+Luz85ihcvtDBzJyaML9/NCdmTUuxeUg4R7HCAD0=','2017-09-15 18:53:40',1),(303,3,'7QIJvg7bY3ffvIxchWHFCV8r1GTnViTlpovrowVPr6Yd8Cj9EnKuvmw/MZ2ftOQzkz0=','2017-09-15 19:06:28',1),(304,3,'vIp2p7MyWnssD8karjDEk2kGHCu3H9t606LymbZMSb3YBm1lfnBbxGGJUS4jzjp1bVA=','2017-09-15 19:10:41',1),(305,1,'ESa9eCEFn9wX51XNQy0+XBIcEotFPyVRUoUyBQZ5GOh2Wv5EJRlEgnKjkqVSF4rBFlU=','2017-09-15 19:13:16',1),(306,11,'rPV/oT5d+BThfZpYAsaAROWfjEBH3/VvJNJ9MeEnRvpOc4zaRagB/QmrHuRBVGTzaQg=','2017-09-15 19:23:01',1),(307,11,'bg/iYm3daYHLRXdqw9SHHV7ABs4nmHwNvIZflVzFV0yK0cPj2+asiH+++OfJPvncUbY=','2017-09-15 19:23:51',1),(308,3,'RFVHzWcB+rwUtv58QWcIpo2TNnu3cspTdu/Q/c4U/0Qafv/Fy4gRVGiCrkUcL2g9qg0=','2017-09-15 19:26:34',1),(309,3,'2AdisiT2psKlp88LVGzt3B3zolnumaTTQXQ7nHGIZqn6S7GdNYXnm07+gFycbNwVT8Q=','2017-09-15 19:26:58',1),(310,8,'18/44lg5GLqns1KrYkg3oA7jbWfzTcJU+RONIisJRaWVz0OkaZfK9gn5nV7OXF9qhsU=','2017-09-15 19:31:58',1),(311,3,'dV0+BR8po7m80NgxOynxtWhqzTVxl9SsUcl5OqufBomNiadWcajyLt0CCQ7tRhFBLL0=','2017-09-15 19:38:16',1),(312,3,'m53SWwSRj76xOmzEsdMnA1J+5IcdRw85QYX9+fhF2zFltIx02XWCnQBc+xLyXElD2ts=','2017-09-15 19:38:46',1),(313,3,'h9C29sI5Ipoy06SnUm4Qb0Kqm/GFdafYmdVg9y+ZY0NUIdgtjdWPYaP95FtqLa96PxY=','2017-09-15 19:42:01',1),(314,3,'KbXlyfrzZV8o0ic8XIdo5z67Un2pk0O1XNrgY0qjSh3V3b5kehaQNZIG8na8Wv62Pik=','2017-09-15 19:56:20',1),(315,10,'paTEEk2rCvKx5Q3RHN4NWJbGOvXf6sR5H7YvNdw8+VdUDZEfRolUegTs4ukBQD+MYws=','2017-09-15 19:57:38',1),(316,2,'BsUu7VXXeWV/wNI7y9AeAiPko4BKMyl5MVZbLHN2Ll+AGXeHrnIuNt6jw9oRUfd2qY0=','2017-09-15 19:57:55',0),(317,2,'Bp+lWXf1QQDXSJf9m3me5S2GDoqcO/O7+iOny73UoLmYe/Uy4diPLAJfD+l6tnrRLDg=','2017-09-15 19:59:19',1),(318,1,'V0qXPjEBhyUuw7142B4lLxHGrI7IVZAm4Mt5HNC4eeS/7M0q0QrwVU3BYIlUmNm/7+Q=','2017-09-15 20:00:08',1),(319,8,'dPEz5tr5gSw7rnDPMFLmi6I7WHvIZsIhQGBt0h3c05naTZzZvbANDCMc9STSIrgZ+Ko=','2017-09-15 20:37:07',1),(320,3,'pTNSjzyNXgmfZxCuGwitVtXk4gJvFtnIQXR1vHU+JQhuF13LwEqrjNdiI8l0lejd970=','2017-09-15 20:22:57',1),(321,11,'xcHvyNQ46ZZl9SGZbbS6q3XL2up15vJgaqMCC/dz5GyYD8OHR/uqUB/65/KQmr2HYJM=','2017-09-15 20:28:36',1),(322,3,'y4TpuyBmJrzbVk/LjeTnokTyKpmUyLkL8xn0yK2UiORgLqIrflYvohvpahkMSFp9BJk=','2017-09-15 20:56:38',1),(323,3,'LpVrtDqWYeb1ztb0MYGgVZg4EI40oqddtCWTfZJi4jELV+qEuJfkseSZz6SvldXwo+E=','2017-09-15 20:58:32',1),(324,14,'3h8F4eO2TgnhLwbD9YWMhUEeJFusEhXy/YaJQvxE8eAJN6ayg3BSJdhdRGrFzzt4TKo=','2017-09-15 21:07:10',0),(325,2,'ycs9xnVTDEjHb9ci8ZOOiSNl0MmI/wW9ehiozmqPbbtldQyaqhbAmTsPAWhGeq2qrhU=','2017-09-15 21:09:52',1),(326,8,'DZZteTPyiD6Yo3WZ5CeSXpozdqW/wDQ9MvcdgJyHW7YcufU0Q7oT6I7xnd+rHs1Ancc=','2017-09-15 21:16:03',1),(327,14,'/O8kHTAzTvI+n/25RmXnXgGkDI1e55f7G2Mew7fCw/DV+l/GHlKkA2c2CohK7BzSzDI=','2017-09-15 21:18:10',1),(328,14,'bl07PPCX+PM2DhT+Cldro7w1UaQAEelqWy+7oUFYabZkhCw0G/x9gTQgWUgTR9F1dNc=','2017-09-15 21:18:41',1),(329,7,'ns4f6boiuPY6rywoyjvQdV/OkQQjkRxD8J3f+xEMPlt4jQkEjvvoV7s34D46yF/paFI=','2017-09-15 21:18:57',1),(330,3,'GktqJLnRBPDWMRxN1zK5yhpJr+CjE1dow0kvwTIyC+PR7qgC8QoHPAL8CFEJsh/EMv4=','2017-09-15 21:20:48',1),(331,5,'iQmvqZx46mmCfbsvTRJhzSSg94+XA9SIAVNNTm4/EZkZL8WWbNSppiPIRMiWQX9P6vM=','2017-09-15 21:35:06',0),(332,11,'KzXOtUCxhlhWJ0vkPnkkL8rzmDtR+HQh6Bxfy9CVw/8VuwT8rxFYVRy3vC1BXU/bdyI=','2017-09-15 21:35:21',1),(333,7,'kTHsg48Qy91qS4G0gOe03BE0aFx8A1A3gSzogeFWklmoRgqyi+YpQ2xKLiiKHT1h/W4=','2017-09-15 21:35:42',1),(334,3,'JF+fSkWfQBGMTuA3FOi1yDSfTLaboHESe/ys5q3Sjh6ajBO2vxHrnpFu/cHPcIyfPqc=','2017-09-15 21:37:28',1),(335,5,'Zw4D9HvJtj5JC2ZrB5Vw8az/eoyEDBcZraGRTu94hZFypdhFiaLw71cHzwlzwrc0J2k=','2017-09-15 21:38:36',0),(336,5,'t224/3RzxTWgMua5G5a1MzPT0eapiBozEvyKCKAJaattzNi9FlRdISPhp0D+Cc4XGdQ=','2017-09-15 21:40:00',1),(337,15,'KCKCL/pnHBPNshwzaviTOPd8XeZcl3RtdCDof9ubgGqS+PeiNFKT0cHEOKp5fz6m3XY=','2017-09-15 21:40:22',0),(338,8,'xJg/QD5XbQTzvzCx189X34s6ZvkFwI+sp69Y2shAUPDTMoiZTRUlCEcWv9Jr2UVYy00=','2017-09-15 21:40:29',1),(339,2,'sGXsIRqyUlugBKszp0nvUk69sF6TdEIDd2K2enxkYBCBntqSoG4LVoDUsUonLuzFRgE=','2017-09-15 21:46:31',1),(340,40,'/I48XcpXdD8hXgoSS/R9Nu0pe3vuyIwj4jqsktUCnNeJnJS/EkJ/Z7O28um+LIZErL8=','2017-09-15 21:50:10',0),(341,3,'wSNe5stkqBljglT9xybsNlP+J6pP+SbKCz+E+kY6C5zXuQBJlQBaf2bSD1KQn1pqm5o=','2017-09-15 21:50:45',1),(342,3,'4PrfGhOiizbKaCgw3cusVTMhOeiau/dED8p39ztB3oiOJvgyY+TnWFoQao8wnf+dA9Q=','2017-09-15 21:51:09',1),(343,40,'fGsCx4Zd2h6QOy53yUaiOXHaLqL9MP7d9g6FijaaMXYdto14O1bbczSzW2tX9LZMz7Y=','2017-09-15 21:51:37',1),(344,41,'3fgro9I4AdYSWLq84gD+Vei8SvJvTxRI+qxW3Y4gK07AyFhIpnJz3cdXpyWDCrlkF8w=','2017-09-15 21:54:34',0),(345,4,'eLqkj9LFIbYgC23qXvwAzgbCvddwIZqR7vP2zOLaI3Hedt12Di26QQYoQpambqvA3k0=','2017-09-15 21:55:14',1),(346,3,'h6ETJjKw5AzlPDg2BftKokUMisZnFk1iYO3IMrkM+W+7IYfpno7ohVvHaFQZ8GWCr98=','2017-09-15 21:55:36',1),(347,3,'WctCnPUlGfgO1pNTepjeQr26Yco8iiKbcCuc+KJqU9YFcwmE4MpVNGcQK767wwWUAPA=','2017-09-15 21:57:23',1),(348,41,'kIXfL7kvdaAtSFvkQCw+a0aDgEgtSjaJ04m7FttsJaBpzpV3XgrS3fCugsL4btGYTYI=','2017-09-15 21:57:58',1),(349,3,'4YYUIstFPHCt1KZuVM9g/rja0YwNpyrvLG7k82Kt0wrVC9YQ10nalWJbl//zD1d1cqw=','2017-09-15 21:59:31',1),(350,3,'UpkM71le+6NO7L5SKafVFR5IMb2CpmCXCRyoy9UlafQM+O2PcqWE1i+jEoUT3vLXl5M=','2017-09-15 21:59:50',1),(351,7,'7CwaUqZjjlwn47aUz2f8fh9igAEBBoEenXKMsOJkOe+bXr892CeT2fECMNdUQB6Fg7s=','2017-09-15 22:02:47',1),(352,40,'Xt13DAiJIs/GmjcMdb7c0snfhvS3MKYZV7q3zdwZC5RUQ2OtKu8G/6OozSINmdDtrTw=','2017-09-15 22:07:59',1),(353,40,'Hw1Xwz6ayGve6ZqYD4kDHLg437mFZtPqGccvbbj/LAnt0mrPlk9oKCjjzWan6dfK9uc=','2017-09-15 22:08:54',1),(354,8,'rYyicdGrfp4hLromBgyv0t4bLSl2AAmdUVrQb9nSl/VPbxKkGHf0JhhMcvl4krXymVs=','2017-09-15 22:12:13',1),(355,11,'AvO5jNpAiZSo7IJfhMZr/qNJZuK1SdC9knEJQZ9z5/ihDoNMQlRKsq2+U2Ahry8Pkh0=','2017-09-15 22:14:03',1),(356,4,'Bk6LIQEmxJalpT+iSlZkRZHY8po1K5svP+iXoYRSEW+Oi+5UlQpLJ7YSnVhqGDWkoDo=','2017-09-15 22:16:49',1),(357,14,'ak7DBo+Nw+lf6GTWgzIRyPG8ISTUBY2+qQf0/f9lJrQDgEuf1F/ESjPWqua6oeuQvPk=','2017-09-15 22:17:36',1),(358,2,'cvLeWx7jJ96+GKvbrrhfejt7cdYGutqpQERd6BZjXAJJADZwMc1ylh6LJu/Jlmf7wwU=','2017-09-15 22:18:44',1),(359,40,'RT4W4zMu1sirU70vR+ORJ9515qxcz2tfumtFqdErRI7V0PFVEb/KMuoE6s06h++f6bs=','2017-09-15 22:20:19',1),(360,40,'EZOrGkZMCqTr0BDg9Gy/hrfmd/hff1bHW/qpDJ09eQpDyWFGuj1Mf8Q4BexxrmL3ryU=','2017-09-15 22:22:24',1),(361,3,'Ijfjq3gWjfzLWYEj5/x9aKChoJx8mJLDlL4K2hraOOtc9kY+Lvp05/1xSiDPq+dNDrs=','2017-09-15 22:27:11',1),(362,7,'aBxXC26uduKarZdYLrUlw/MI8tbjIGSvqUmBoNsFzCBv6B3XMfargmM/Ff0+uvWESME=','2017-09-15 22:27:36',1),(363,42,'lewMkBGJPGqKcDnH3grSCXmZNMpXw5z6zLz1wZqWkI+PcJnnYbd6JhT+TAkJwhZf5Po=','2017-09-15 22:33:36',0),(364,2,'uC0y2tCVsAXEf97iMZFualg1wGi3gxBOrHXFPFyLN2OO91GJQU6csOGKdunkoRWfdFk=','2017-09-15 22:34:04',1),(365,2,'dPB6TejZb8JGJwk3a9C1qrx1ZJhAuCBlJGc2+fRjA1jLAMATJ/cVQ++m3eJRo1ruFWE=','2017-09-15 22:35:13',1),(366,9,'FzXaOqiCEu9vwTQSWC+8pmNbb1tnfaVrlzA4A7XiChIpSXrkFxme2fCp+zfQT9S7DLA=','2017-09-15 22:35:20',1),(367,42,'Bf4U/GM5oWPEHy+V9qp4Bs4iy+U01wvvyLEDAFeSj4H+mdITdboXG1vp1W846Rh6LKo=','2017-09-15 22:35:45',1),(368,9,'yaFfeuPA3sR6aOIcAwDufP4rW5lNgaR4swTWfUMLk1xd4PPodoeyAYolX7rBYRNWKBw=','2017-09-15 22:35:56',1),(369,2,'TUCWOz7SA3ro4KosHyl/mGkhLoWYEGgyDHbhQSijh8ZCXmFPyjoHjQ9DL6fCU6GQapk=','2017-09-15 22:36:40',1),(370,4,'TzYUzODqfy+oRlk7agaeSvb1p+/S3rWgblHq2ATyxKxtY4lKxcsvFOwQqOmBq4p9T9I=','2017-09-15 22:38:39',1),(371,42,'Gk6NG7BUBsEfh8a2qQTUVCcGwzwkf9SBBNmCfYN5EmRAlfLyFjAOj9Wlf7ACfqh7WWU=','2017-09-15 22:38:49',1),(372,42,'6nj6zrBPvvxI1IvhHGA/RJMoIul4uOwynIDpUj7UfaP3fSnEKaNqZmGoyfMkyzccs9g=','2017-09-15 22:39:36',1),(373,42,'7ASTaor4Pl0qjRcuofXHRkitS4lw3R/5FtvaAXx0SpiwF10H9p1NTou4IHwCxnJq5wA=','2017-09-15 22:39:48',1),(374,24,'fZCzEs/pRkdUg9Qko4SRXDB058zsoXsxKVqkonAr58tDWA/6f41uvRXjv4g0zOv7gW0=','2017-09-15 22:41:38',0),(375,24,'4QRf3Pw3ts0U2m8fpSCEP//vyQ9RHrkbstJsJILEiTTtJDBnXaPtEKU9sJTBwTiumBM=','2017-09-15 22:42:58',0),(376,4,'8loeLCRHgsgTxbquLCLuPru5GMi6BPFDJ2fcv8cp95WWQNv5o3A7RPkwqu46HUmkgOM=','2017-09-15 22:43:40',1),(377,4,'lK6xmrT53qu+7B3GEht8kJK8UmdwRZY45ukS/8EVKS+EneZqzwt+OOcFOLaXWjhTY68=','2017-09-15 22:44:25',1),(378,4,'3fYzrYqvxlOtuT+xKryKoOaHdPQOwuUcg8P8+V3WpqTVqBxPacnFOYtHvYKp9rGrt04=','2017-09-15 22:44:51',1),(379,24,'Kz7evnBIrhdZY6ZMeXFa6iF4u9Ir6Tmkc2dMunidCbgh5kMtA9MhT2D3MRcmE/JizU8=','2017-09-15 22:45:00',1),(380,24,'YdGFxlxXbW2pjwh4FefKW5UNV9YhnEvAB4D3xObckhR+D78nqHi+eNHWGdMLbLS7GoQ=','2017-09-15 22:45:25',1),(381,2,'0ILojZviVHke7ClaawsbextqnnpuIBM2Eo34qfebhJAapvlWVA0ftpFurXMRxXVIYrw=','2017-09-15 22:47:00',1),(382,2,'to6IbLFWz7d4QeM+zdDYW/sO+8SIWPbCKXwkWQaSce7m/ADxrclRFYrwjNbzfeQqJYQ=','2017-09-15 22:47:43',1),(383,4,'UGDTz8CS9ohIAWr/CAPHV7o/D3yK8mY5n4ofgMAu0W4xxOhqPy/w7YkS+0bpZJSYC+c=','2017-09-15 22:48:24',1),(384,40,'7Dq7SezhvQIjjNCK6YLoV+5IIyHTqvR5RYfzqUsAz3BJ2eR52rGOocMYtJ6dkrg3+iM=','2017-09-15 22:48:44',1),(385,40,'z3y9NntCKx0OA/jS/wX1O3bv77H6WNhrTt3fhidJiehBwdQTfc7t3HKdtYVAZqaAhD0=','2017-09-15 22:48:52',1),(386,7,'+rnWvPGKSnEOl8uvfj5L+WjvcLrkfoZS04xFBt54fACuuXthYwSrmtwJ+0Qr5jTdSVs=','2017-09-15 22:51:49',1),(387,2,'lP9d2lDWMX3qVlUNSDEbROkbT35P0qloCG20NINlOxV10scBHLCs1tXKSpM3kFqm4wM=','2017-09-15 22:52:32',1),(388,10,'/gFP8pLx+XnXhg1YAk4q+mGvMVCuFmeoyt3duhOyS+qTgYbyXV/2+LnY7P+oIcVtV8c=','2017-09-15 22:53:20',1),(389,7,'E1DJeyVdYqptNC4lDixg41R2BWp0aNisMkOZ9vjqiAKQfLzXHpBTqTBuEGPN1YamjA4=','2017-09-15 22:54:17',1),(390,43,'yyiNP9jqUZPlNFDZFJ0hI2J27QhlfP6YWNA01Wz9OEQpgUbfWM6obgcg8PNQ7dB27ps=','2017-09-15 22:58:55',0),(391,8,'8R0UPK//5+L9yK0CusNucO7vbTt6zVD3SD0bK/0pmjkBahANXG/PPapxUSGcQ20PKFk=','2017-09-15 22:59:47',1),(392,43,'YQRY4CoYzd1P0XAJvCN3RZVmg2tPPnPIYjBqif4yHWWc20W3tfwbB/5MLI01h9Yr17M=','2017-09-15 22:59:59',0),(393,43,'3K/gyOgG0CYJgnS3ZDOE8rz5my/gJoU8WgR9/FwcnW2TEtdiWBz7pVYjp2jFO69xTMM=','2017-09-15 23:00:45',1),(394,44,'wbGz3LtexDlSBR5ibbuUR1AI+d6CUbHspWK+Mz56ttBidRkPCfe3KOBVmYkWU86HnrE=','2017-09-15 23:03:21',0),(395,11,'SRJeVczZHwAFgee9SAxPGdIKbQ89dik86TNgkvkCNEuYBLySgXM5euPc3aloguk66tQ=','2017-09-15 23:04:27',1),(396,11,'3FqaQdR6ikAaa9S0YNzqaHBD660y9W5+oar6+JsJdJE9R2bN2xIFtO7v7DXLBJ0hYME=','2017-09-15 23:05:20',1),(397,2,'7tvW6CigVirFDNOCN34mARwKRfDJUffjh5nnGv0rpipZI8qLyVBKJ/T2XVdj7WrPj3o=','2017-09-15 23:07:17',1),(398,4,'YP6/Fe37diXPhXqu4Hlv1sjWq/yO4R/5EidUN9mMZ8E4EF+PlNR2IVzy40DiemzmKxU=','2017-09-15 23:07:58',1),(399,43,'X7s4qKmVKeMU5/I70mlqoja/zjP06/ynCOJBbjMU3z7o1cpYSPoSMDnSni7gCTup3WU=','2017-09-15 23:08:04',1),(400,43,'tWZ3GVeVaHwRIdLm1AmegkNOQcBtofdODivV3ryUEjV4zP2WGLv6lx9AOMB3x169z7A=','2017-09-15 23:09:11',1),(401,44,'TsuVgSs5HuXkI1FGeczQqEcv4XZeonD8ZS1/yDJNKM1hhVtsH3F/ZwZuaEwXz6PQ8UE=','2017-09-15 23:10:10',1),(402,2,'mgQ52u3ZlQb1An8wCUPO0/Roaxs5NMqOATklRU+hdge2ZiMMlgyA0nRLiKRfrf+mSpU=','2017-09-15 23:14:48',1),(403,41,'LLoJlV39HuEV88pycrTdufAfgQhruS/pFX9XiJdEKdIPI4e1xbBR+i7cDlqiV8xam/Q=','2017-09-15 23:15:23',1),(404,4,'SIV/VhWL/m7qTC4mPnHs2fOs5w17ov/t1yNksAxLt8FEFJshSKVi2+fFbmQem710ZZ8=','2017-09-15 23:16:38',1),(405,40,'GHRhvj9bimP/i6ii/HxtGrhgRp73djYLiqCevTp7LgQ30ZiRJOKWmJ+ZlqqrxkGDIrQ=','2017-09-15 23:16:53',1),(406,8,'ya1Bczq1eytRW7a7njmdcKGpFCouWjAWHh6gDxj/MESWKe9WyNqHsi87fj1V6iUCEyI=','2017-09-15 23:17:47',1),(407,40,'vPJGYKxoilJKSQ6wa2Rk1Sa91yo7uJ3ke/oauuE9h+tVfdARA3CJ9XUtEy880XSSYDg=','2017-09-15 23:18:38',1),(408,40,'680emHss0qLTObaqwcVQ8tnIz+c+lASpKcW4YrMJT/bS8OdOujm7VqibQiF+rAkvvfA=','2017-09-15 23:19:00',1),(409,40,'IZUtWNUjqJIPbflO762XxA9IDGu8mKWQYFUBs5LM5qHSk3dpbJYyvXdz4HdpqIaYilo=','2017-09-15 23:19:25',1),(410,2,'O62WeAG8zwZ3jY7TURDj7vUqlvynF1NODgHJY8K7uw18jKVFXFvgGn4j/Z0Z5XuO+Rg=','2017-09-15 23:19:58',1),(411,4,'DCwOgg/oHGLXtDDhGmF5d1WEbVFVDQehfXUXpILQZxFVEHb7L1c7ZTeqT/cdcqkMWfk=','2017-09-15 23:20:58',1),(412,40,'Ngnx1gMz8b9O+aiMHhdll9/ectr9T3QxMwa8tQLEtjNIeektw1+zF+5BQEPEMlf+ViY=','2017-09-15 23:21:08',1),(413,40,'O2tSfNdiJmso+Lfqei3imUtCWy+gw/uXr31s84ynxjvRTCZSVbl/g3EG85P/Xxkcims=','2017-09-15 23:21:20',1),(414,2,'KTrfi7Qx5G8+Uy2KB8LitlfZxZP1pWVF7xymuiALXB3QG06/0UrFxc8Am9YcMiXhHCI=','2017-09-15 23:22:10',1),(415,2,'uAZlrwkIFHAibMPVENsYrlp9rkUfT7ASFsARWDb1dgbgkPG3D0KHW36qEpmqeOC/KfQ=','2017-09-15 23:22:19',1),(416,2,'gHnIHhVNwl+sNpfbdvVYkO5fbafNWXHpQ29DCdPi+CjjbjR0F9jq++mCNIuZXd+ps84=','2017-09-15 23:22:42',1),(417,2,'z13BWc2oGEz73VLpLOaeZyH34mTs/Ctj4uJc0Ej57tMNHIcRWhtkRi2sk6RMp5nj8AM=','2017-09-15 23:23:10',1),(418,7,'sbQlyQGHmOjp52juuCT8bCJNLXeRNWVSUj7ay1UVovGbZllzxr43WrI+6kDg5jXBswQ=','2017-09-15 23:25:17',1),(419,2,'skcxcjAim8UyMNzKFs7b42v10pOs4v/bxWXO3RW/DLMSBs0tPEOqA4Jt8vEuhdAOXC4=','2017-09-15 23:36:29',1),(420,2,'/85HWW4duJD3iRKWFP1IXWhCU/FH7yRZZLp+LsXSdPlU0iwcuotGHs2+iJ0ZoS2osPQ=','2017-09-15 23:37:02',1),(421,10,'+s9154NVuO+yfo+rFn1ZX44faojVWwvH3JoyEuSyxRKCLs5Zv/Q6RFnOuuMlV58ipCU=','2017-09-15 23:38:19',1),(422,2,'72rcUyODU387Otrm/OkmNsiNBKCpvmrI77t1Y0AeJy3JqLDw/X2w0dzXEiuvuM4Yy+U=','2017-09-15 23:38:59',1),(423,11,'0dvidciG0bV6fumyNavVA2l7SQCmQPvXasohaUcDaPcM1NFtvdBm9oHJn9LQU0rr60s=','2017-09-15 23:44:44',1),(424,2,'PgKjJIqLChrPzsbrV5icz7DaQPje+9/ItuP2C+fzRhj3vcB89qRVtEW2L31Q4SXpznQ=','2017-09-15 23:44:51',1),(425,24,'/6jMXf+FzQ06piU9LnyeSgTpdsQVWnjPMLiI8QRKesCA2NrDwss8w7pf5fEndAvM84s=','2017-09-15 23:46:06',1),(426,2,'/wtdbWeLSgNSqj5Dj0xkMhcMtLlFdA4vKlm/8yGcDybWfSLSvYotRdH8pVq2TeI00Ms=','2017-09-15 23:47:17',1),(427,45,'GCOuP+/TnCNSD29PNkKwp+it5eSuZ5gyOCDUR7+3ZHec0rqNUTSjU7fTjm7f+Bj4kXg=','2017-09-15 23:47:46',0),(428,24,'zisBIW4P3wSui3sV+AXYldVwTYTSnS4Smm90grV78JDZ8c+RQlqyl4McefLkuBDKDu4=','2017-09-15 23:47:50',1),(429,11,'emcjupCbC1Lhb16fCq1ZrG9J39unw71zjdW5zu0xa8pwUZgyCqQ5QpoM+Tjo8oKQeIo=','2017-09-15 23:49:33',1),(430,11,'Uxa4gq4tqnwMOW/OhgrASSp88t0HGv8JxRcULqVVOKYfvtQLrMKmOsQbcK+gHa6pYYA=','2017-09-15 23:50:24',1),(431,45,'I5rvskIgtf0ZnJTO2R5cvH8bw+gsL5eXOin6laVNBp+XzxgiLHY9SXuVpaMqt3h3I4U=','2017-09-15 23:51:34',1),(432,45,'8yT2y7XvAovqtxQtMz6meql4LBCGRqHMSELUiui0Bul9Fz2PDM7//IyYd6ikP+Ixs4U=','2017-09-15 23:51:53',1),(433,8,'ojXcqDSSoaDrzCCSM+8Bb/cpbqWgb2M4Ue2LOHCCOePOIYjP+Y5px3BHPXmpcP7kdxQ=','2017-09-15 23:53:10',1),(434,2,'VRdthI711zs7vnVepoBpAGoGmdUi413c97d11LCpCKciw89U5iJm8N77FPXdfTjmt1c=','2017-09-15 23:57:08',1),(435,42,'5bDZ6ps+4/j9xuIF7+Q+RhPD+EDiGM626ban5MHoWobyVCpQndH8K+vJlPIfg9HlLlM=','2017-09-15 23:59:29',1),(436,46,'l9O+mwGZxC87url+EMsCQpXVEm79KeBT5/58guVmXbmHbqu3yobMRBeVOZLPrktDX2w=','2017-09-16 00:01:30',0),(437,8,'NBQUTbR34E5nG2OFyZGRAKXjVlvWyCYgZ/oP3UcdNKjepN4Lx2fn03iZsAEA0PTSPrc=','2017-09-16 00:01:59',1),(438,4,'ho/U9FC6V6E4Wr7jjQ99u2e88LHhtRxyVUwdpAarL76ErNBDIaSEwlP2byBjsul5DkI=','2017-09-16 00:05:04',1),(439,10,'S7lVHfjquNzSD+aiwGhlbKIGXNEMCpCWhR7s/Zy+DwNd7gQ0ZFJ2DAPjDvCbtRrYa1s=','2017-09-16 00:05:11',1),(440,4,'+739x69xUKZxQF42zW5jDpT5wMSfvMqpVLjR9TbwchZz9wWvfIsoMLvFsY92U6F5zac=','2017-09-16 00:05:55',1),(441,5,'dRKYkUktqFWGXyBd0Ng5YDzkp+D9hV2KQTXAzHu8CM+P+HexOSQTBUCSLSL60YEuJ8E=','2017-09-16 00:06:03',1),(442,4,'/J/hJpZIVD0JwWDp4ySjhP0pjLmYDiA0ToDTP7AA4C21hKsgnJajExkwUSqXIvt0KP0=','2017-09-16 00:06:38',1),(443,11,'LIe1QU5joxr5WKoqmAWogqJhKVD5UOySEoBC5VqYnBevdmaIqdrmmhZsZPi4cIVkDZA=','2017-09-16 00:07:24',1),(444,4,'YqYGi+Yc/8aBuYoZ+rnD1NuUphHS5LK2NQZpLV8wgw+cOGVmgpuWdZpGyHq8HSqT0aQ=','2017-09-16 00:08:08',1),(445,11,'XAj9jWpSbzbkYmLto/924EbnfxbI+q3eVpd3he7U1N0WKem4OjHWrPQ5n11vBj1Ld6k=','2017-09-16 00:08:18',1),(446,3,'JQdCt0k/FaTZIg+41tmEIKaC1t5DiF/wT7RNJIpZjUBOejZMN2FH/7vBc2HzZLsjoYw=','2017-09-16 00:12:02',1),(447,43,'+th/dcaeNBko2PKz9TZ8PlBuBUW21KySbsNlCAjZGKR+0M5SuGGMPNPFS+VCMQBiKCw=','2017-09-16 00:12:52',1),(448,46,'fjfq5VN00pNFeX3tZGaDp/XWTLQlzwm79GvTHOW4VYmk2Gt/1SCzJim5qtSHuPZMazo=','2017-09-16 00:14:44',1),(449,44,'ncB9vIvbsLyk5QUDEI8gINTY1dCiL+zILZ/j7UNL4457Rlv7DnyJ4EuetWML2S7n3+k=','2017-09-16 00:16:25',1),(450,4,'mdbr4GF4kDMmSnyr467ZhBK3vCu+cCRqD4aBVofcFmw/BQ338/+LTEThIGNC6Ukhj5Q=','2017-09-16 00:18:49',1),(451,2,'UnSwjoUINsSTFPuTI3PPEyS1QAH+ijTlF71pHsl9+gK1HYGBuV8KPDSAiwcXjPN4oic=','2017-09-16 00:22:30',1),(452,47,'QVOGTzKduxSsRHrIRr7aX1kr2VI158LQsWR53imGoLnTaMuAUJgD6Z5S8PUmgETLEAI=','2017-09-16 00:22:49',0),(453,2,'G6/SSL1sOIP5sr2pFm8dYfSG9XltJvlVogCL7ziNq1RKRJ7qQYuaTyF40Qmful5ykys=','2017-09-16 00:22:58',1),(454,11,'C/xt12Qlbe48JlNFLMw8eKfUnHSZsrRPcpg6NkWNDVjJKPb3s3QRqCp5VTS8VVIryFs=','2017-09-16 00:24:14',1),(455,11,'ch8i/bBCGOBCCLnuJ5Gaysb+NKnd49DRIOA96nNc6LVqr5qLatgP6djeAonucLESAmI=','2017-09-16 00:25:06',1),(456,47,'w3eMfwr/JTRbRQE9L7S9hraEQvQmDiK/F0O0KboVoydLKIKDkBFr3xRcTAcNW18jzHM=','2017-09-16 00:25:26',1),(457,2,'y/L5e0OLHNK4xSsKjjuL/JaGUDUqYNbFeoyGDKCkHtohzZNtMZlGBCK5PC7dZRQvg1o=','2017-09-16 00:26:28',1),(458,11,'nQRCfZEY9+FZklKy5jdr0QZIpPM5bA1R6b5biSqmjNTTA8CHZ2w7XuzRW9tKVJvBerA=','2017-09-16 00:28:40',1),(459,11,'lUie0OQ83JU0+1F0EaoR/v3diPjWTkdkJ25eKrBV66Y5HAbRlM9WnfecBTX90nOxmCY=','2017-09-16 00:29:06',1),(460,2,'JC6WaTw1IkiI8ASMFrDqacbaphhZ+stSJJNsDdhl/ymnw2saBEdry8O6lHjQH3ID+hw=','2017-09-16 00:29:41',1),(461,2,'H2JXK8ZsBsrrLkTnSAb5BkTTEWVTncvcP3JpYEVWEXwSJLquBInqFGDo+rI0jizYm4A=','2017-09-16 00:30:04',1),(462,2,'mhjagGDmMFPpVJTZ+v3MCMEW0M0wRWMt14DAffgNKhb708dp+p6xsy/I1QuCNshqMW8=','2017-09-16 00:30:24',1),(463,2,'cMA7ckNJdgwUvxVPTpJqm/0HPp97iqjBZkoawhFBMPhzDfHPB6MYAX/31NQvc0r98ww=','2017-09-16 00:31:00',1),(464,2,'NRWapx4qEa+J/XBpMYoq8qIdYhlPWNzVrDYpHGVOC39MtKlpFLRYSWXiTGoLsHKNAMQ=','2017-09-16 00:31:18',1),(465,8,'Pzt7G5QQwaQnbIpTdepk9RLTUCW62UFxtYmDvrxcuXZwWP3yp5cVgzJxAOpZJubulXk=','2017-09-16 00:31:44',1),(466,2,'aZn0mEr0QOVzC6aqC+kSBbDCOhcEjFmCjidLozfy5/90FgFzGE5XOXfZdXIBiGWE2g8=','2017-09-16 00:32:51',1),(467,8,'DTiHJ86oLicvhsaOPDHHTyOmfHwomC1AfY7cpwWFVgIYQ2KFedYFmjTkIiAKtF/Cly0=','2017-09-16 00:34:50',1),(468,2,'Fi5Zl8I8p600A5pLurDDTJfZOpAT0533wqVslNzVFBZz6iORrKQ23j2UudfLRX3VnoU=','2017-09-16 00:40:29',1),(469,47,'5fnk6HeQRlP39jzvb/8GymOdZXsoViitEBHTL7KBBipr32STc9a6L17a8qff9vzOLq0=','2017-09-16 00:42:07',1),(470,2,'2pzxMqbg9Oea52XPiHHxjv3bj6m+sRb6emTExaQGDVYGKCNQ2FCuCECjT2OOEUO5gx0=','2017-09-16 00:43:32',1),(471,48,'W09WSkwRrVJvB8TWvRvKUSVGSHARPyutVcnuoqWctjKSyQotHTdpCLJiKI3pXoDMl1g=','2017-09-16 00:44:38',0),(472,2,'0GroFu3MP22h7H1tGLf4odyN/JGCXsXCWJL3cQqi66AEKXU4TlY6QUcbJ6FZumorbSM=','2017-09-16 00:45:26',1),(473,4,'AycDVRqQtg6B6RwfivgsZ/+goS70FGiJ2RPB4uTlA6ipElz7GYxqvepFu37ukPK89G8=','2017-09-16 00:46:21',1),(474,48,'px1kwPv5rod9nP0jX7ECSSkvonhfiRYKZmAnD8KIsNY9u3NW2ANvRjKhhulIYyS2vzA=','2017-09-16 00:47:02',1),(475,24,'kmT362gSUEZn2VycjzPBjPHsqxhJqKyRpDNk6RcIbntRnk8plZdCrE+IED5DgmNY5eo=','2017-09-16 00:47:13',1),(476,2,'6upSzq7nJr017I2amwsY0liEjQXdyH7Avi4meQRTXPASyRltrsoQNJtVIckOgwHs5vc=','2017-09-16 00:48:01',1),(477,4,'pgTCgKC0fiCh6bAiJaOLfkVK202yrpg8WDFSBiaQyw8wwpEeaiTBGzy506j0OFuR5QY=','2017-09-16 00:48:57',1),(478,8,'geXBY63A5NvU69+q8mNQmeXt3Yc1H3n6mMs96h9Xx7OGjZtOsb1I5dzTJuyEcdcunwA=','2017-09-16 00:49:04',1),(479,10,'fawn5fJLL8557esMGtrmSftXd+qBjijAB/dK8BR8PRLW/UHgTYvCEuQTZpC5+IfIx6U=','2017-09-16 00:50:16',1),(480,7,'DR/jWygHL8B2fGsiJc8nqxBeI8ac5X2i4Yvs+6mUgMIzras406LuSl6aO6GsFMzuc8I=','2017-09-16 00:53:38',1),(481,46,'dWvdK7Ps9SHga7AlHk78Kk+iQ4eezH8lpaAq6It8Bjo5Ss48SBL4Oe3lzqRHoVlvK08=','2017-09-16 00:54:49',1),(482,49,'InmErEWozX1iGRcXCoNoYMR4a7VO+mSP3JcP99nn3mg3xilC7bqGySS5TAD3CzaUsms=','2017-09-16 00:56:14',0),(483,49,'uIx+6oR8dWACzwnaCrrpabek+BpppAGtLoWcntqcqsNm3o37PjSYy5pT+ZGyJF596TI=','2017-09-16 00:56:46',1),(484,4,'Kkk+YsFN8jJRiF7i4eyTTFcjBXqCS+pi5RnR2UjArHC7ICYY6EQ8xaQpeOh5vaAYvzY=','2017-09-16 00:56:59',1),(485,4,'IlVggDigfrzhL/BPrBbXoVxNHqQSYxDb2QT9/JZNU+AMK80oBNmmIW6QDC7oWbf+GXg=','2017-09-16 00:57:25',1),(486,4,'x1jEgxwca+jLt2jQxE3fcLuN6Q2d0EZSirfDHe2sFjJllcOqpAa9bjOzmKcIVA9aPfU=','2017-09-16 00:57:41',1),(487,44,'OXM+lAzgs2ok+P/62vPIhih/rtMBHZv25L+6D4EPT5azeIagd1RDGf59xQfM708k/oY=','2017-09-16 01:00:13',1),(488,4,'u6ppLsvi9REtAA5eUyDgrw7Hfr8RmN0G5qy5DX59gjUmkbO/Ji6lHJ8oG1u1Rv7PUkA=','2017-09-16 01:01:22',1),(489,44,'rxfxse5LXFKtaFSzEbOiqfgmqHDQKYSFU/379LGBtHPRDarXf3pc47S0SiLOY2ObVL8=','2017-09-16 01:01:47',1),(490,49,'Go/sZHeMWVk391KjO866a6oQl1+1+Xlu5zgWgz2/jlpWevoOzUYboMFIVolDJyxryGI=','2017-09-16 01:03:34',1),(491,2,'1AySWIzL5cCRZ9nbu40okKQ411dIUUjPoarLU1tRdHRkLOJbrFrkvHVBOFQuZdqZyCg=','2017-09-16 01:05:54',1),(492,48,'5yQQaX904jOli4cdhmh7tDpRFei0hQ48WQ6caz/eo1qng4vew2cjmxNrd4dfCPFBZwQ=','2017-09-16 01:06:34',1),(493,48,'6IqSa7OJx/TVakdrdD74mXYlnZKrpWorhzpcg1MqfbDTOREch1A/6H09fZj4TPqxBGg=','2017-09-16 01:07:05',1),(494,42,'dFTMRBH7Cmr8DPvGP8ljTtaziVc0Ka/z1CL+/DckCnrGAhmd1RWSDaZVdYYrGrUuGrU=','2017-09-16 01:07:36',1),(495,2,'/RJ125THAAwlBuAvH5RZFxbVYghBDmIRecEHM5Zz1u3oGLju2Tv8aeok0bkgQZlSmak=','2017-09-16 01:09:22',1),(496,42,'yXLD8Q+Qf0Ae38GAx8Qi/Jxty2c5Bf5B5gEeN1hpOcD/g6nyP9CS9orNLbbSdkFaS08=','2017-09-16 01:10:52',1),(497,8,'FaL2TxNAcsCQ7+ledJWJjuE03PeO88o0/PE8wqKv8UdIzBN8wBYJPV8U2NgTmuKD7Ao=','2017-09-16 01:11:54',1),(498,2,'xEbvygBv87Ld22ytCEmUwgIyz4AaIsiRcYO5qLzbOq+n+QYxqOTar1dTfw/QDAp5PWg=','2017-09-16 01:12:24',1),(499,8,'SKgLG+Wzev/dnlw9FfogdgEBuFVya4gYEfiR37UR/MOV1ke21U29iKGb0PB87L6bz6Y=','2017-09-16 01:13:48',1),(500,47,'AhQ+APsmsC3raZlThWCCLLZd63SIiNpoN0EN88PYeS5CBpNK8GMkL/H1xvkdmwwdDZg=','2017-09-16 01:14:20',1),(501,41,'a6bGdSbsfxMol25mM5ncYw7nMRJ71LSzOh0bOdPayvgRKv4tsPfFjbCdfZxK0aKFqqA=','2017-09-16 01:14:40',1),(502,47,'FPAG+K3WhBbHEsHJ0Y8InUvjWZjtmcA2yD63wEagx/cEtbqPnvg4TkkH/r0YQBb/ihI=','2017-09-16 01:15:44',1),(503,47,'jM3tiVx2dxF123ryUEWQdigNaFfCLgOI68ZMSPX0tPXF/acMw5N/SHWtqdERGMpOL48=','2017-09-16 01:17:53',1),(504,4,'x+NqbgN6lxa7QBL161mIPZVTZsex+Vc+OqQvSUPYLdaR3Z7GpS92v2zAnfOyponshwU=','2017-09-16 01:29:29',1),(505,2,'/+a/53DOMYhdYlM1mcGmSAm7WBPvmYBuCv40hoSLpNxDL9HiPEBtw6eKChl0xpHKiXY=','2017-09-16 01:30:28',1),(506,8,'aggl0rNrpxpKNWQlMR82Rt0vWCea1JxJqErbBuOCBC0mGYF4S2+BtfF+/Ec8BuBO12M=','2017-09-16 01:31:24',1),(507,44,'yYDVu0b0uUpr1+WHj7yUCXSZdvMHvOnBrCUUZejYhUi4rgh89L0NMsJ8VgMEebTUnQg=','2017-09-16 01:32:01',1),(508,43,'8VD5KcT7PblckztB2mLaJiu8yrOORsUBlqCSPTdgDTttXZjJV2OXkMcMfN/BMePI5NY=','2017-09-16 01:33:42',1),(509,43,'35+mdaJAC0skUb4FvLttl1rFAW4gHtSeILrwGeLE6cXKXmAyLIPMj40dU9Dza5cZiOc=','2017-09-16 01:34:04',1),(510,2,'MW+BP/I74FVRVy+LpMWdZDUKKhHZrkKvjTeMyxxuA2kYCaRH3HLrnvWG4jn/jze0pyY=','2017-09-16 01:35:28',1),(511,49,'0ufyBOd0tWNdVLhWJ/T40OzWIthw6NeG0KEjGmMmiQOlvKeaBfGELEHTxH207yWoKwo=','2017-09-16 01:36:37',1),(512,49,'EA+BHX10zaD/hmGUEZ8goUgxxOPGdpcwvK2uM4zrUtaEZnVKR16tfNs9PplWhWEbFUg=','2017-09-16 01:37:00',1),(513,2,'L0nAd2m25vJqym0icHdMEsXh2uXG6mtvaY+sk/pQWc2EX7rJw4KWRa35vsE0LrF/dhY=','2017-09-16 01:38:14',1),(514,2,'l/k784a0mImTm5Opo7MXEQ+Ca3UOMpRwCJcpLE9XoGYUuQ3p2eMrusH53YP7QbvrFqQ=','2017-09-16 01:39:11',1),(515,2,'dA/eGTirLzDf8mfiuD82S7YqpNTT91NVgY4rGRcsa4rFTT468SdBTLFgeVULj4jFI1M=','2017-09-16 01:41:57',1),(516,2,'dvb6LBtxHJab8sSogWWf/enk/2bYD8KK4EkJKUABTMPaFYvCHsxy/QySnXyIXQBUwJ8=','2017-09-16 01:42:37',1),(517,41,'aNPRLveFj1xqqaPK/HYgXTfFbXlc8QeVLR0aSAwruulnD0+yFZs5eBBojv/0DkfJgbU=','2017-09-16 01:45:25',1),(518,2,'+wat3x3MukFXnTjUmCKVf0qh79TwRwkbEb87pQZcwnTpRKV61uwhaPSxHTHQZvRy9ao=','2017-09-16 01:47:21',1),(519,47,'sePURWhrVWECtzX4zU4fTpAWI/GrlFHuG88qsezVAxZN3ai8/wgO58a+Y1yKI9JorB0=','2017-09-16 01:50:50',1),(520,47,'XmN3RZXMrg5MX5UjwKIUfYyzjUhpHheKGPXMTp4GdRDumPqjySmWAjK/wit00Igu9as=','2017-09-16 01:53:18',1),(521,46,'GKrjB1V30uT/Y99m/s6MUnRG0/IQU5YjwQLqyXu2FXjtGyq4BPmRhcbtvPK5n3QMmw0=','2017-09-16 01:53:58',1),(522,47,'wSiSLJSvBGK9Yw6a0ToAPom3IonWX2cV6uX36kBRYj6MfMeZXsRk3L690Vk1FMbsbTw=','2017-09-16 01:55:10',1),(523,47,'Vx/KZ1Xy6oXXTn752q5oul7K5BvSXoJ3eYnjMmiL20diQUIcDkUA6kKcLW0bTsbgpaI=','2017-09-16 01:56:55',1),(524,47,'WXR4sXYE2G6QOdYbbAQjy+GAlc74Eb5xS5pVa0Yvs6/gl2HMZ3tqzUVv7CeypACyRZU=','2017-09-16 01:58:46',1),(525,2,'d9NVLJ1+JKZpqGKICcIS8FGrRROhRJv5kppTdx2KiLK2XKCvygUqnOJUeNpSfEskmOI=','2017-09-16 01:59:35',1),(526,8,'93TJlr4lmAnwtON233GOwDDdYaMBMtK85ClQ2jTikS6JcfnyOYCbx3gT/ZtDhPFxwhE=','2017-09-16 02:01:22',1),(527,10,'A+A5g8l0YmVDfct1Leki+gIbqqo2r7T8UNklFdhCivnO/ENK7Z/ZWU8wyF0QAWMZKgU=','2017-09-16 02:01:59',1),(528,11,'5+lk2zuvO9XkeVFVMaWz2oaUowWgN3BHqkGMg6UMUz5ckYVICG01EkO/wRhDVgrrYsA=','2017-09-16 02:03:08',1),(529,2,'06RTvR4qhxJMyo+CeAC/gmgOP7Pdmaj2MSXLYEwJhH0CEkuAkA6xJMEY+rdLCsI+CS4=','2017-09-16 02:09:36',1),(530,2,'TJX5OC561GIvmO+ZOVxUjseFUPh6RSVMhuZZ3or09z6NYWjQAvNVX5gzeH3VDEsQSzo=','2017-09-16 02:15:00',1),(531,10,'q6b5v20A420Z9OQdvX/UHMbTkHadKYcMMdRZSV6lOLKVmbQu6rylLL9Iq9FV0I8Hgws=','2017-09-16 02:20:25',1),(532,2,'PP5My2qPLV7jil4isuCwiIz3ID9UcJQfFfY/Zkh1b1oQz57lDvYMHPZsh/YkusPktTQ=','2017-09-16 02:23:07',1),(533,2,'/WqYggsvpOkjVfQ38ndNVH8JbmLsq/ejDL7bCcYvNlTcNI7gRwoqZs4NSgx2w8oDuLo=','2017-09-16 02:24:50',1),(534,4,'p/vDOzT7/tTFYewEI5mqlRjO7YSNbHyC1wM0gBpE7gcpoQIZporRxa5RxstSYPEuaw8=','2017-09-16 02:39:01',1),(535,11,'rBIm2vxR34ohdWsFrtJ9kLX1jGAOz6BjT8PPJA1G8ycheBksqoRts01TmBQBvMF4UTM=','2017-09-16 02:41:33',1),(536,3,'CS+IFGFk1WWGBjEpkFTMtaByPhlsmCNHbcyY31US7p/HCGHIJaJ9iGe77DDJduLd13w=','2017-09-16 02:42:53',1),(537,2,'noOVv8S6igEptVVfWTa9QM5LLfSHD9XxumFw/zjK0vwo8uLIijySCK9Fj253aijHlW4=','2017-09-16 02:45:16',1),(538,2,'0ysbWYtWFq69wK3xY5lZH7ALiBoYb0st/dnv1poMtNcYrzw48A/eKXpl7OIKAu0hI/Y=','2017-09-16 02:47:11',1),(539,2,'WkrovGVyKijykpD6+g18fnTdpOnwz6uH+JlpD/SNF9+0f7cM9K/Y9sYz3Qe3cZRpdHY=','2017-09-16 02:47:35',1),(540,4,'c7Rj9AVNufReKYhazegIhxc9QCU5QPdBmIYfj5OycKRFV9uTMW3nf025P6VeHTne1Yg=','2017-09-16 02:50:44',1),(541,49,'VAW5Oq1nI8P+i//KltZweepPS22p/u4qbacxyI2bWtvKlkncQbaV4d8PJpmzkmzq1qA=','2017-09-16 02:55:46',1),(542,2,'7ldQAJBDKwFrPudqC8v7T6+8kbxSfn9xGLlvW0/RSEx2wmODdOIG4fzq+vGIpO/X9jk=','2017-09-16 02:56:09',1),(543,4,'haQ9+dB+p34Hc4jTInorneliIrcAjxzfr8rhSEyf6qBvbknFRhETO5sNiIihAeC4GfI=','2017-09-16 03:01:11',1),(544,2,'tSWd8IogtqpF2sGsOJIazVlaqWCM3GuMG2YteB4euiy50fTSGoEy9QqdEcDtxFJb1iE=','2017-09-16 03:03:25',1),(545,8,'YjKUlPK3uD79JrHA3mV12ZpEj7oBtTimAfX3QOfpp122BW8RkfumQ7R3FEwWcs1k9to=','2017-09-16 03:06:40',1),(546,2,'eNJztU8HyglUWt2/pBW/4TC04UiI++jOmDHifZbHRrshaL6tFpiW+xQboP4Kd+NAFNc=','2017-09-16 03:09:09',1),(547,8,'MurKjW+CLwck58fyb6edxSUpA3LWiixJpoyM19bpuh2zNj6WH/fqizKRedxMcc6uaJw=','2017-09-16 03:16:20',1),(548,3,'g3ey5chRsFZkido/LDc2pa/J1I69qfDELJq0BlSYQIGjWw/3eWIT/j+kx1bjSnc/EMg=','2017-09-16 03:17:11',1),(549,10,'92rnTGhmUkEkh3Ym2XPSzLvsS044Ci5u4mG7f2Ysahz8qzjfLkMPmQERsaxy1dhdcXQ=','2017-09-16 03:17:28',1),(550,10,'X6JfSvxn14VNoCWb24wjbUh6VBoYDUdlLM82fS+XmrKMI8HW0wyw8Rt8KerrTqYBwiQ=','2017-09-16 03:19:35',1),(551,2,'fXY1S4HCYMd64TCT/YeNolBTzSl/IkG1+275boRuOk6r4ykUIwsSdpDSg5RcmsuIKTg=','2017-09-16 03:23:53',1),(552,2,'gIhkJnXhg+j28RlwwsrsgKWBgMZ9zY99l/Lz0dcVT36vsH87yAzW5Zh6N7Vd90irLWk=','2017-09-16 03:24:32',1),(553,2,'rS7yKFDv8CX5J4MnV7IukLcaM/TQrHxoCLS+7VFsWAtr/Y4Hfi31QM9vU/6xx6RUnBY=','2017-09-16 03:25:29',1),(554,48,'OuHYCUN0O3gY2E1x9cXKluxL02N3vI13I+529HzCPDEPZ/PljeVivL7Il72pvxfMkHc=','2017-09-16 03:29:30',1),(555,48,'OewowqeINLBnulHo/2IB8G70lLjd5zEVriS6h76gyp1AVP9tlJNRepi8jTaz38pfc0k=','2017-09-16 03:38:55',1),(556,2,'akYztGGSpTK10Vp/aAlRfN2KMh2GwYbVK/GwJ5Gst9K7NDdUOpMf0Upsv9kr9XcWhZs=','2017-09-16 03:42:55',1),(557,48,'OU6915Uf+LAdHEN2LDPP15uELekrFK2F12UIqwJibr3GqXF86T81Hkx9zIKloQCNiRw=','2017-09-16 03:56:51',1),(558,8,'QkgtYs5iKZIGseCm64vd6hOuQKfjcrKvq7Rm6uZW9vV7Og8P+4J8oenICTEmApZ0P2A=','2017-09-16 04:06:50',1),(559,8,'8EBpwQpILm2ONrBq5ZXbhELRBhmausgvOjxZI4RbL+v091TRRh8pdFAIdaIrgXy8Pr8=','2017-09-16 04:07:26',1),(560,2,'7oK00Q6ZmSQCfW2CfxHlEo4fAMiaET4AmqB2IuPceV8N8PloHCKfFYb4SMuIc9g45s4=','2017-09-16 04:18:48',1),(561,48,'hE2LuyDTpc2sWGrSaFp1R/P+thg239eSUAvxMKhmpOMX/miPTfNTEqQmPvRTqexLOcY=','2017-09-16 04:21:24',1),(562,48,'6r/h4lycq5Jx7WFRQx43/GnWR8n8JPhFsbsCz4KGGsDO78KPAMpafK2vEQ4rcIpwCAI=','2017-09-16 04:21:48',1),(563,48,'XYnNK7f8IIALuCVWSCLZSXLWfPJlLgdZLyElABAZaY9VbjOJXvNIltn5xyXT1V8yoXk=','2017-09-16 04:22:59',1),(564,3,'ES0H//tDqv3Fe9o3pK+LBryRz7NX4XpEQvCs6SoIZDiM7tYNZwW3Owsv1GLzKDHZnMI=','2017-09-16 04:23:18',1),(565,2,'0127abZqClHL8RsBMdbPFVNQaPZ7JZN1DN0ensYvahJIMXuW06XEGxbUqg+R7aX5/Ao=','2017-09-16 04:23:55',1),(566,8,'ewawvtYCsWZ9NI66I0e1BxATgF5iZaAyC7Dak1zk/8vUQ6pBFK/Q1Woz4EGSu5kuh1o=','2017-09-16 04:25:36',1),(567,2,'DoJWeoiP/o7yoiMLM7+nV8HjsJITmsvV7u8rIZBebV1qoXuVKv+rlkX1OkCjOb92ww4=','2017-09-16 04:30:24',1),(568,48,'g/Mvzbl3KY+LU8E2lMhu2kF4l1Trnge96ZZ3EHhXec3HOG1876DYdnjbuhy6I0z5fOo=','2017-09-16 04:35:35',1),(569,3,'0okdIheT9AD85HNYS4rY6mSX8vwmIJHodt9VLzolbvxh4dGVsNOGRQC73f5dbQaryh4=','2017-09-16 05:07:43',1),(570,2,'j2GhtXMtb9Szo2gOGa7//1mkTfGj0xcUUqdC/8qS5b5kInFkWDf9z4Z3CQYB+Jw8uPA=','2017-09-16 05:10:21',1),(571,4,'BP+Y4So8KSP8l6Tvuq9qft/gh63ov6qedgqqH1Xkk3Emc3XFXGHJ9w3Ot0ylrE5ypOk=','2017-09-16 05:32:17',1),(572,2,'2qBSZ4oYY/BOCMc6EQek8+VmGXFZi39vQBRpigKhUPWtl0ROUO0AVAtezHJTNHmkV5s=','2017-09-16 19:41:29',1),(573,8,'XBnekhPr32dWRG0LzIEnDyzIOv3qA3GxG8CAQl/NO9iWzOC/bXFLqabxNORs/j4XZCc=','2017-09-16 19:48:35',1),(574,3,'4WjbtkR59+Kr5QmUIEaSdGuwlIlEVkgDDzTfnCP8Jr/Sm6IyEIVWLUxf/brxLzUNzRU=','2017-09-16 22:25:00',0),(575,2,'TOLz/vGTj9MlT/EuJ4drk1sp651j6wq1xkA5TNLqNGku+IYUHWIOhsebAd/24J79erc=','2017-09-16 22:27:40',1),(576,2,'PK0Xmlc/j9MC3DUps7paQVGSK4+wQ0TeA/gXw4LPNlD8RySZfIIIvSvZchGfY89QEOU=','2017-09-16 22:27:51',1),(577,7,'yb+9LAyRTGgfL5pWhaR8dzdpUWbuvgfGXGbegex8DU3rOFOgty5NRB2I0Hz3hkNKyCo=','2017-09-17 12:18:05',1),(578,7,'3cZIgZf5Mi7AV8bam5d8aj2C9W78q+ltMgirtUEm0IYK7M1W/XilZjHNUlZ3VH8SeaA=','2017-09-17 15:02:02',1),(579,11,'gSoiveqoLECsc7ChrANe95K1rgCCazyeB6nBhYHuTdlx7cDo0IYOnMcSFVEZluE/PJc=','2017-09-17 16:44:16',1),(580,11,'gJs3yJUG0Bi2Ha0vlqsOworg2N3UT5TKtRGnoTTmF78bOW3Aqm13DSsSXkSe0qN3UK8=','2017-09-17 16:44:57',1),(581,11,'yjYYbuzOldq/npt0YV3LEog7bJLIT+gWtdGUq9QRJTGO1VsFmk4Fo2YEcXW1Vsd1aRM=','2017-09-17 16:45:20',1),(582,11,'jOp5vcVp8rxQAEWQNt3lqg9t4v7IwsI/MKmPCmcFW5Tnut/lLQsJoG+yJB+9Lylsa5c=','2017-09-17 16:45:31',1),(583,7,'mxJultOu+pwLDogqHHxiGZVpcQIaRCHJPjlpHrdnQD9vRWJbrvgSgfqHeDZE6HZ3LLc=','2017-09-17 16:45:40',1),(584,11,'TQjvTM9AjQ8GS0jlKnIffLz+O62DjCpnVQ+AYWbeItNyH26Ip5UBKTpVAzGg/AkGeDk=','2017-09-17 16:48:12',1),(585,11,'CCxn6xt7/5qT8U66USBB3SdyFcahROhZoPx0RxF6YI+IkqFlkUA0plcjLBjYoW9eVtg=','2017-09-17 16:49:35',1),(586,11,'Z9NJywoSEpfshX1Z0cAQcv1O2UPB5AGxh1xGp+KieLOhvk6aiv44J4Vrp1XX8sln8pk=','2017-09-17 16:49:56',1),(587,8,'HHIfJBWVTyoGgtFi9CxYl9IAUkovnzmsULf8qTuX4JdTY/Tq8R21CMPhq176hij3ZVc=','2017-09-18 00:11:46',1),(588,8,'gtpS1JloJYgIULqxwuyr1mzHh2ETljUH8cSMvlsz8rXMj8itaAKCB6MP2Q8vPza8nQ0=','2017-09-18 00:38:04',1),(589,8,'q6q5py6OXCjbDFOKvmKP5lWDjTLab4FwPnwabq+QIceXr8XBibrPFMRCCcMc3L15qmU=','2017-09-18 01:03:10',1),(590,8,'asB5RisfARZQ5qaeaiyH5F7HeMpxd1Xx0BUx41k5f51nuLmsr8LWEe0Qi2MgXqOgrn4=','2017-09-18 01:03:49',1),(591,2,'olxwRy4LSXYLs+49aZzoLsCy0mO57cdcG3uB6jMB2Y5kQqUMcyaUJQSvya9XoPH98ys=','2017-09-18 13:27:28',1),(592,10,'7szWb6/K0u+NBI+0PYinPKaBMooTN4bzGZP6WfNmxVFChFyEhbZ7TfTvfnu015B/HHM=','2017-09-18 14:09:02',1),(593,10,'5qPvGEmbHUe+Ubs80tps69SfxsTUYXoQZ/6wUQ3kiZ5BS4jTC7zxpMfjOmXN2m63Or0=','2017-09-18 14:19:57',1),(594,10,'6i1VbEQIe6i2ORve2CW7TXa4Wbw/k6CmlIOqkiuvOMgU0Vo8w2+nTQZs62FE+VUmqxY=','2017-09-18 14:25:43',1),(595,10,'Bqau9lG98rL6Y5LqoSDEvBmVV86kKTCkhcL7m0/l755dEZMS/+gFtWbpCmofc3zMVAk=','2017-09-18 14:31:33',1),(596,10,'hdLkmNAYt09kBtOV8/Mme6MsegQfX1YpAo3GvPdZdMS+jQwGsrXR6bJCFlXEf1G8tuM=','2017-09-18 14:31:41',1),(597,10,'KHC0RwkEI72H584pQSCGCcWh/e9NppeQH8enad+PMoWyX1T/aNSC6QiNghb3JMoFjqM=','2017-09-18 14:57:13',1),(598,10,'J1mp0V5eE09JHK2IcgRt5HPw/8vArW0sTQOuhPE3xB/I17aMK7V6pXMGIAj7xLgs0V0=','2017-09-18 15:24:09',1),(599,10,'bf4UIrAx4lZCP3H0rOvTpqctgBBDkQ2hz8wQWYVITF5t55ABI5F60bL/T+zWEfwJrss=','2017-09-18 15:39:55',1),(600,10,'AJKsmJj4dSBwPTI9zCmTnSDjyWLhEc14btvCd+w/SeVRAg48NpQUcZOT7831ptW2pLI=','2017-09-18 16:06:05',1),(601,10,'iJkl+oE/I36pqruPJ2/eZ0jVcdibFuKwX4qjje0Y6rtsoNYLR5jCxandX3Abjsvie90=','2017-09-18 16:35:44',1),(602,10,'YKqAhioUV1dT+946G+E5dosQL0ANGYLtJKHzS+QOZ1TTknqlsx/9nSfR7ZxI+vf2dfg=','2017-09-18 16:44:59',1),(603,10,'/8oMHbJjAWUG/zsF9rZvH02D40n8lPGsrAfgpIxi2LZDsUhQ9zoxq6Er45Blj2K0U+A=','2017-09-18 17:15:56',1),(604,10,'nXUkYanRuFIa3wK6d8BAwr8aedXhEc8mGuQD1BIXVKvlhmTE9jg3e7ZY1sQbwUUuENM=','2017-09-18 17:50:49',1),(605,10,'qPw9sJLGp1mIYogFoTmKnqb+90jyr9jj1+w3OFmxt12lNc+I5okAWvIugB+MMEPNN6w=','2017-09-18 18:05:19',1),(606,10,'Y1EsGJG/NI3do9FlYbqZomtEGbBEiVRI8164uZrRaVqHLEdbubZR7qvuouBWzhcH0+M=','2017-09-18 18:21:27',1),(607,10,'9t0U7Q7q69JmUW4oFKPXbXA7h4f/dyYOHYP384INKx4MMoEkk3QzcpAGOWflEuL/owM=','2017-09-18 18:33:31',1),(608,50,'fM5wiBT50r+1HyUgx4ZldZnhvL7xie9mnAbLaqExubZYmnz+PwDZbzlITBSdOpl0V80=','2017-09-18 18:36:52',0),(609,50,'ZG3B0YWV4GUByzETjTMn8CeBkZ7tOWRVEUBoIdlKsO3fzsKpwyVYjnl79CxiuF8iK/c=','2017-09-18 18:37:52',1),(610,11,'aUFHRlVSLLF+kUorzAG9O0LxNMajtMJ39wkhVIYzcirZJS70CSYSzzZwqDwi0z2ufQY=','2017-09-18 18:38:17',1),(611,11,'GOfCkMgBxHi3HGqI6s3KYoAYR00ZvazngJHoPNnU/hKAcuN3UhuOGaVkYEB9NqCOn80=','2017-09-18 18:39:36',1),(612,11,'xVhVnFeQX5VzaZDxFYl9mE3SGJbbGeIs4N8//mERMAjxmBiJ2dM7nrsSZquQW/UC3XI=','2017-09-18 18:40:07',1),(613,11,'ma6eOpnw6McXkfqfLcII43JNfBaqgV2cywxdqvdFQVMYgwIht1cA2jg+PEZ4S5lOOhw=','2017-09-18 18:40:52',1),(614,11,'b+t0dzlEsh+z4xI0k+MxO4epiDaxEFV8rXx7phKp9qGJozB/eRnMRrBIGNzXBEAXO3o=','2017-09-18 18:42:40',1),(615,7,'u5oIJNp/3FM5rybeXY41a+GSGchp3KrmYSCNu+gh96myI1plV03UO+uX4WYhnI7YflM=','2017-09-18 18:45:02',1),(616,7,'jZuTqu8hB9j5ez9n4sm1QIr8a8CXheBdpdeWkvuREFtUHK2AnH8p/2hq9pp2QpppxC4=','2017-09-18 18:45:17',1),(617,50,'yd+PbrEzVXqjMJPLSFoEzowPJUZ2H2rvy5yAZlGlnZe8UU5bBircsSFvjx5RsNSGQT4=','2017-09-18 18:46:05',1),(618,10,'A+J3n44GJrb/lLnjP2zogCfh07S7f7WEFKiNjVMTP5zH3Kwj3rLozZnI2+osEa8iBbQ=','2017-09-18 18:51:00',1),(619,4,'nDzFWDA2+o6t/vkqYM+td8ntmuh+GK6qE6eMKMAcE5aRPAQUEOMsD3rEW0ulygn2fL4=','2017-09-18 18:52:08',1),(620,10,'0XtzKsYY9pW8/ScZiI7nTYtGekCxgmC027v18x8HEBRbBuqwSqnZO0ouR+xIVkoWomc=','2017-09-18 19:01:47',1),(621,10,'kDqiZwIn7cudjkxi6dUsAXlQzzlmbg/RaBn0UhZosEMkHzM61f0ST5ctc+T8pRG3Xfk=','2017-09-18 19:02:37',1),(622,7,'8orrSVdXVJO3HEKjBVIfxQ2JlWC30swbv5P6MU89o/m4KFpemSk3f1N3EsWnsVwdz/A=','2017-09-18 19:23:12',1),(623,11,'OoRvgDBDo1O4zAhbV7DwpFAiZkEPfUxVHAyOS/3Y3miLCK1PYH4FBkjPYJBVY4wFb+Q=','2017-09-18 19:23:44',1),(624,50,'d+Bhdbo483xmewSsZ7stn1wiNyRHcxzO/dGswQn3CevYY3EfdRC6v7rDDollu87k8Ho=','2017-09-18 19:24:28',1),(625,3,'W7SW5c3flJrvfbWzrhoy3KvlDUO5vqwU5a4SvVhW7egAFcLQw2Vm25D1bG5gGLSQe+Q=','2017-09-18 19:25:10',1),(626,4,'2hXLzDz69U+Gtc8Rux+XHnFlQHcc2iCjxTjakEYa1ia25vtjXUdugAR5X4pcMkrjC70=','2017-09-18 19:25:38',1),(627,50,'+26BPPFV8Tdjo6sBnKxhDLZfdUiCNXaPZbzg8O3M3yWIlYHfKP34hoZ5nT5k3KAMwAg=','2017-09-18 19:42:39',1),(628,50,'15sqkdhQuZjctMApqS6dShRcPCX2nkSZJvoC3wFB3bveSqKAA22rW09yWJivrsfFpNY=','2017-09-18 19:43:51',1),(629,50,'p+cPOGKEPucKfiUGbRcLDzBU2eK6ueMJwO5ITaVkSBtjTDJ6JsQOS7ayhb1fLO6TU+I=','2017-09-18 19:43:57',1),(630,3,'4ehC5H3h2BgZr2Ry7nLxyGqomB5pYAUDxEWW7LFrGMeAluiW/exBN/EsTPEC+UYHVFk=','2017-09-18 19:45:00',1),(631,4,'LjEMlQBlRaoU+UPRpTvqJn0yuTiGE3noxk+ul7rPEZp3H+eIPa1o5+/+tZUdQPxcGWo=','2017-09-18 19:59:41',1),(632,3,'BFQneTs1iVXaafi0em3LCKJSUdB9TnTpWmmioXH692qAGqubmRDBqTk1xZTlwR0nNDU=','2017-09-18 20:05:25',1),(633,3,'MpVAkHx+36Lfwjkx/zOkn/a7dwa6uCHsuFpWezLSy3FZB0bj/FQ30rW+7Bh6gnAEN80=','2017-09-18 20:05:31',1),(634,3,'LFio0KvL6E9z9grhEccvCJzWFmnO0yNWzn0IMfP19nv4kdDKu6e9VReRly6epVeNyuM=','2017-09-18 20:07:01',1),(635,3,'llCGzha1YPOt2scOXd1KGnfYrzBV6ErTXOr1jC2xwNcndGphdMmIB3Ryj5PAYL7awvc=','2017-09-18 20:21:06',1),(636,50,'7o+GOMhuvi4uHQxXx7QW/aIG26iWxAHJ6ul7H7qWEc+bcoMudZ6MtB1inDwkz4N/caQ=','2017-09-18 20:32:52',1),(637,11,'2jDngyU70n6Tbi4sEHlxEV+PrLezkE9pBiEzcklkacvxjR10P3mD9MlUQUhRRrEftiw=','2017-09-18 20:58:58',1),(638,7,'gBOAf7Rg82xKvG51pQXzrmyGNNScr+kTTs0RaivQDNVwd++7wL9rbPUUqaj9wKDICIs=','2017-09-18 20:59:39',1),(639,7,'t8mbj71bU/vWFMIzN8DIYFuiiaz75+gZFQu259UtiSGX17rlkzeWQf/wERD67eZc/fU=','2017-09-18 21:01:22',1),(640,7,'o3+xBv6vy/6skHaS/ex5V9A53KU2UNulO/7t/BCGaPjNZdO5YhJy8AWKtqim2ZPftDA=','2017-09-18 21:03:01',1),(641,7,'sP6HKgajrQaZgL+OHk3DnoRJUzdcF97uWOcTm5luGoDOtxGR9BdJKIz9CkAk7MFaTPg=','2017-09-18 21:03:43',1),(642,7,'DMDm16bX1I9old+eo49NCz+Vq2/O7mjOg3mAYTZNjUMp2N3iVaB6Eu2CC6aCrtNTfuo=','2017-09-18 21:04:55',1),(643,4,'4x36tIEHzhtCWu08TSy9xD9L6MV2SneYAWkrcIeyCy+PjiyIxyDRKbGNyjuFrFpluUQ=','2017-09-18 21:05:38',1),(644,3,'Bbbh7f5Iqq5tR5J3VkjJexxdFXM1zUnyAvEebT7ZWMBmw6O1/PvdDyyNs79QDPFB/EY=','2017-09-18 21:06:05',1),(645,11,'1G/MR5K6QGKQ0RpYmk9a47z33W3XCm1gDMgTb34o/LD1k1Pk9ZboNYnQF8Eg3dTieJI=','2017-09-18 21:06:38',1),(646,3,'9SKdDVP2EiI7CGH5USfHsCnWrY4W1Nxhgq6ACHLuy/ZPfjXjwetENaWFsJSrBQcVwIM=','2017-09-18 21:13:48',1),(647,3,'GQh6h8bPPY06uXvkovDEyveB2SgNFV+V39CUQjOa7L+SKhRIlaouDIim0ch2LXWDpDg=','2017-09-18 21:14:40',1),(648,3,'fXimschiVxZSYGfzZka8m2GqskLaL04WOAgtGRq6cM+5DQSdkEsTeAr8Vj7aLnPyILM=','2017-09-18 21:14:46',1),(649,4,'O2eXVIr9gLojpmMB6BRv23M1Sl6TGpQctZPNPN0XVk65cvvFwvBmKPEW/qBqL+HFSKU=','2017-09-18 21:15:04',1),(650,3,'4lpZrzhVkILJ7rqeJXqdQCESrC5JGh8+FHbQUO+2Feqdk5SbX6FNu9/rVgokIA0aBww=','2017-09-18 21:15:48',1),(651,3,'3Zn/nBQuliNRgXLXq7ymgUey1n7BSpRg1iej5FmNp6SF/DkHD6wBRe70uVaNZ3BznZ8=','2017-09-18 21:20:06',1),(652,3,'q8l+ap1Lb1Sd7kMihcgjkwiCu1YQI80JaF/la7LhIY2dixhcs2Eq1ZpRypDFmixhD3g=','2017-09-18 21:39:06',1),(653,2,'fmzNYrPquon1aLgWMueKLc8+Z9YHlfMDQgmsJRl4In/MAFlqqJn31Jw7aRB8IOgBS1U=','2017-09-18 21:43:07',1),(654,2,'GWKdmvr1SkxJ4wvwlJJtOwahg/JLx57ubrLYtGy+9pQltySZMWRIu/mDiiHKVmkL3J0=','2017-09-18 21:43:13',1),(655,4,'eVsm5+F9aLPB4dTXOUARcAi/MNSEYTycuV+Zd7rqIBsCzPHCDPkOphAJi2g19HA69hE=','2017-09-19 00:03:23',1),(656,3,'YzQXGL+E+5KvuYQ2Id6n+pyOuR6kLtuUq/cn//gEr6LE2XdrUtP5quPybIWKwXHBJOM=','2017-09-19 00:03:49',1),(657,3,'d9LI69phVPEE7HTS2H1DzEEo1mEPa7hPqXIBScpisOqzqpMmvEz2/YIHzZaslDlVCDM=','2017-09-19 00:16:23',1),(658,3,'GqyJk3jCOxFekqqNQzvlIJEvXSDINf422qN0i3+8PgNrmYx5lqdrZexnyfpohlg9JDc=','2017-09-19 00:16:30',1),(659,3,'CSOQjybvzbUmod+x30YPaeTnPQjfaBFCa9zcJ7xRkwSF5hAFvHuHW5m4Tu3f7rn56i4=','2017-09-19 00:16:37',1),(660,3,'Mtt1SKKOM52GXB5OhxAR6DkJaGpGiyNOyDL9+wdOER33J1yQPqfT6TCM3mOhjwAWFoQ=','2017-09-19 00:16:59',1),(661,3,'1qUNDQ9rmVWkl+17AFmFaiKi3hTjmXPc/SNuCm9oVWnhfS3n+GOUg9d1FgjMwjx7K0k=','2017-09-19 00:17:06',1),(662,3,'TDtvzVDsfZ+JwTgww/jXICPnEAlH/SSsv0M6RmzHFgAEpjS/fBiAwvFz+ECCW6hY96A=','2017-09-19 00:17:15',1),(663,3,'55J4wNGQFirffUmfRCde7ELzOhlWagUpOedoCOO22VlgHQpRdtIfMR5nsj2dfuPlHG0=','2017-09-19 00:17:21',1),(664,3,'Zvsv7l51QQXZYYp/CJNfGgXjJVV8b5tqC+Vpko0sxeAoWkZCwTkWl+5bEUqvjdXSQHk=','2017-09-19 00:17:39',1),(665,3,'QjhxKb2jLe6OuZ1i1IMyXci7rSrHH7au+SbyRcUR/lwZ1MTiNU7dwkk1SF3Hm9tkdsg=','2017-09-19 00:17:46',1),(666,3,'BUtxYDNoEIzPpTlpJO0gg7ILiYGjHAdbubZ/AMIATmw38SB1x6AD8cse2CjKQdOtBbs=','2017-09-19 00:18:01',1),(667,3,'tMWswVscQZlOcyAZtgH/TuEy7ypa77SxoO8R13t6/Y3wGOQx/13zqMrmGggrh4jf9VY=','2017-09-19 00:18:07',1),(668,3,'tfpY2i7LPti3FZo0VuT3vGMq3ysc/Yz8dpR5oSOkVoogugbG+pHPWsTjUT5Ia9qjpGE=','2017-09-19 00:18:15',1),(669,8,'STM/H+qdea+aUfTw8SJFUdf6+bUtU7pHkUsquox+zlE/6j/f7uJUOJpekEJC/3mjEHk=','2017-09-19 00:19:17',1),(670,4,'u4i1xfv7zbKC3eTmQkL31DR14Z+lR9XrNJLTtMlqg8MDD4sb6sl67Q0TRUyEMkkmKoo=','2017-09-19 00:19:54',1),(671,10,'bbIUf/7LEB4uJTI559knjORscZS2jKZuj0YHVBqgTYXX/HUvyFcLG0mpgwkdAKjXES8=','2017-09-19 00:35:42',1),(672,10,'zMuRokEJH+SD+knPwN1eJvnnpIir1k+1igOzVjC2GXpY4N0OxPj5JlqH4rB2n1VW8n4=','2017-09-19 00:35:49',1),(673,4,'EIVXb2zfNJcxPN7kp5zEy1b54BBqnyeg1OrVSGu+37jERzGk5wL4IPB1+3U/dmlOyv4=','2017-09-19 00:37:32',1),(674,4,'jropwXAZ+ax87VLVjNy9qlISlY/JT3hLzfB3f0//Aq9q+T4Rk9ve7r/daLjRtKhZ7Dc=','2017-09-19 00:37:39',1),(675,4,'M2APFKkMn5uYZKKSJf+yLdjMBeY6C69/euqRG8uP0ZOO+it/oQ/Phs+B2T3pLkvPv3E=','2017-09-19 00:38:14',1),(676,4,'OzW+yg8aouOF/PeU6K1zkbf9UdB/r6VzXLLpJML41/zVMHbAZ7QsYkdDwLpg3RLtKaA=','2017-09-19 00:41:13',1),(677,8,'4Cp6y5dDxqfH/Dcii7nAZWOlbyIBAnWQ0mR1Go/y1oqgE6O+UYLGOydWQFLklCBAdWo=','2017-09-19 01:06:07',1),(678,3,'Rvg5iRJRZJv4DTykvT3J4J9ObVjuPxxzH0SxQmVVUW7rF3n2tSUfTDUf/PS1j4i7r1w=','2017-09-19 01:45:24',1),(679,1,'xRJkV3Aan+jz7plHGAoZ0T/w12abV5a/f5ny+IuH/YO/jeh0IQbuV3fB3dMOASqQj4A=','2017-09-19 12:21:20',1),(680,1,'tf/APYjplJ5QK2AsV9ERENy8X3n2Kpkf1773ZFvd1KcMnOXAj0XWr1yH9sNzH/mHivQ=','2017-09-19 12:23:54',1),(681,1,'SKRyEU+ymG0U2oDQr7ofOLB0yAaX10lXFQImQp5gPAXYEVcp/HUnDfzgnrH2nMaf4fw=','2017-09-19 12:24:05',1),(682,1,'0Ya7MRKajfK6zrcNMT84p4xpf//R3GceizseIdSSQ0tHLmPuH1bHFmKMsrCjPPwUuhg=','2017-09-19 13:24:01',1),(683,11,'9MC1fJacK0Wi6B+19l7Uw3Rg6eoVP61mrx6l5DCyXK3R0ff1SdFHbxxhwfrzXLYs+Zc=','2017-09-19 13:36:52',1),(684,11,'OASPoq7mo6T/IYPLX4HXU8PYI94mjr7K2sxEt5nw+vnAUHIVrbOuf1HK6jY6CpPZUDQ=','2017-09-19 13:37:21',1),(685,11,'ZR3Pj3uk+VzT2zoKC88IDIvYgbYMZXnmcQa59GPB4vYMgBDpFiMzrhtPX116hUaA5Gw=','2017-09-19 13:37:45',1),(686,11,'ENJzFWeDzIBo7aJS7muWIBf+swIOpU7/oRDWpCdNxd1R5gNRL1IqjUdSYoV7MTQAgUQ=','2017-09-19 14:00:19',1),(687,11,'MlYO0muIbZb4HvDzX8nap/2/5hw3US/VcMXaZaWLJWo6GKQUgxQIaeoU/4RTxIIbvPg=','2017-09-19 14:01:22',1),(688,11,'bP+PQnYMxhyQbBxWgLgFBoFG3TF3q0xYxGIQIPzE9r3GqS7vU3KDr5+F4sH/BxzEe94=','2017-09-19 14:02:31',1),(689,4,'lQuxjYMBCoCxKBk/JxmDAiQbJMdvsZ9C46bZv1Bkkxrb7MpL3BX32UgqR5J8VZ/4yEg=','2017-09-19 17:31:26',1),(690,4,'dmKU0cqlHKwlSHHm9+K5sgZtwgalXTA6dp7yKMoHTIRpnKO5hgjakJq2kWrrfDaZbh0=','2017-09-19 21:02:38',1),(691,4,'WanM1n8Zw5IVjUJadGhT3qWY6VRhZsDjTDrigpDIM5DYuddasmmimTVq5fjez0sNRnw=','2017-09-19 21:04:29',1),(692,3,'xMwPIXDDgWNzfhtUt6xwnv3LPZTaqC0ntPOv0+ZOUnzUY863NaLebUhjLSL5VFeE0bg=','2017-09-19 21:05:14',0),(693,3,'oYHAFllWUPybBsp/zCC82St1QrF90NxbFZpOOcCczsnMfEXKR32XFLRbgVNzwDjmOos=','2017-09-19 21:06:30',1),(694,3,'kKNxuZasBQc11Pg6E5IwsF0kcQpcobdeKe7/nzHf3ywbvXLBrvJ0OeYqKLy40lhDm9U=','2017-09-19 21:06:43',1),(695,3,'gTjC3U3wa6sT+FrVbTa6MrRQFaO/Ux5lfMcIq2VtXcQd5IhEJ9ERIWKtKWrZjcz3e7k=','2017-09-19 21:07:12',1),(696,3,'xW5bSlF7HVDQZIlZq+KRlFRp7yz7VhvqXOz+99NgnXzVVhsvFoyQyUlHuH5bmpzan38=','2017-09-19 21:07:30',1),(697,3,'iVquulLf2QPAkD91YsMxlCIvTJ2ZMal0Y4jfDWW4lIYSJuEYhHIK+q2nJqfAnme6uiM=','2017-09-19 21:07:41',1),(698,3,'6evRA2wwdXGk5FgkuBAWJnss143IpNydC02U+NdFLdLHPTCTs/9MJwjXeJfoTvWjwJI=','2017-09-19 21:08:08',1),(699,4,'VLgU5GczbrB3SQVWdhTlUBk5OaqP4WPQPnoSH6Ajv5jU52DBhw1zkvadOX7WUJqqo7E=','2017-09-19 21:09:36',1),(700,4,'EE5HhCKp2iM7y83dpDCq3IervbilMYDGuRtoBYhaxdKODNDBpmFAo2zrQX4d77wGNPg=','2017-09-19 21:17:07',1),(701,4,'rGFvI/IIR+siY29hW5euZU3A5oPKBDIKC+9tp6V5B0m528YBDg822qjBRsGI8uW34NU=','2017-09-19 21:17:25',1),(702,4,'fZf4ZPT0cq4cUYQPMsWuhj/DdBGxwPMRXHdgxZWrjd/KMD4mvK2K9umqufXoa5LQYT0=','2017-09-19 22:19:44',1),(703,10,'URkYAny4Aklc92rrlIWtr3snHb4CSmug6e3tY+Ol1qxB3dW3kS6DPQcVSOJ8kB1qqyE=','2017-09-19 22:20:07',1),(704,3,'o8HtoCjap7wAYBhEO5QUCKGnLc7DIcIQYGJA33RRviLY1VGJvlx+MEFRdtyNSg3KPCM=','2017-09-19 22:20:56',1),(705,11,'fiEsK4UqsnjsbU4DsLJ/HkT+5dHinVRDGi5P7wY+tqsyUocDo6nvwDDrTvSLbfzXS+o=','2017-09-19 22:22:14',1),(706,4,'zBCW77oMj2Adyv1Wc7qCSPo6xJ1Ysl34wV05jcz5lq/s8gWn0UpYTf+MzcmWZKiU4AU=','2017-09-19 23:02:32',1),(707,8,'62NvFFpFBkR1RyQ15iCYC2y4NzAGViJnKhhBC0SFUcaUuuy3JXDVailXy/+P5eiwH4M=','2017-09-19 23:07:38',1),(708,11,'/myUMrdWUoPJXSdcsolm7do/2FSUZPzC172c5yru7yhIyZaHwO1jxWNW4dR9uMPzee0=','2017-09-19 23:11:28',1),(709,3,'iQ18lBR9LM8+QarwLvC9l4piUFPxWvLBLWu4TNiov/Nv/hi59DviF7a8EldH8AFzrKs=','2017-09-19 23:26:31',1),(710,4,'1pp/8opCzzqY1Zf13C83ljVkcP5Sx3gRl6Ec/0haWeMPA80hHilMjuAOumcX8UaOboE=','2017-09-19 23:28:44',1),(711,11,'6WOpUTQa5sC9r/MeGA6aQoMd9s2Zpci85H4qr6m9Aj3gxpltEnR20Vtstrg5NIG/Ebc=','2017-09-19 23:30:07',1),(712,8,'Vb00NXAfGfF1FaQIMEQnEjKXG2g8J7g5iKKo+MFsLS1rCg0cjQTRfIn1aRIC7c3QidM=','2017-09-19 23:41:29',1),(713,8,'GngdA63OvAqwkiEW5qDqfB3ssqxlw6x1Vp8lka6B7mOKw8KlzWXSfurzv79Hj1FYeXY=','2017-09-19 23:47:07',1),(714,4,'0q/A0ULKN4LrfDWsDsBGgf7vLj4jqLhvpW7rbbgp49eStbg7im8U/lBlyXSiprvcSac=','2017-09-19 23:50:19',1),(715,10,'fM2pX1j6Nrp2MY1f4mEBeo+1I3NE8PnNdcATXfGpOh+FWnrcdK7r9ZdTFvrva+amqhw=','2017-09-19 23:50:40',1),(716,11,'uGlZ/G8wTR88HsYlWaoABkvzDzG3ZLvnhhhvCUIo1/Q4DMbf62hWLvS1wjByPXUCDxk=','2017-09-19 23:51:07',1),(717,1,'RtaunUZ3FdoXjysNmHAm3BtH2lTv5I+a6YTLpOBAYpxbSkQ4uX4Hs0ssqSsqjEWjG9g=','2017-09-19 23:56:16',1),(718,3,'+Av39cRjfwIg44N0ZEAzVaCZZeUeRwJEHP4bOiG52fBMiq9j5+mPv3zS6LhRs6rKe8U=','2017-09-19 23:59:12',1),(719,1,'+uBnmBhKLog+TllnKBlYwp/W0S6xxZr41kFt9/DgOy8ScsfhX05i72GtDYg1LiRL8m8=','2017-09-19 23:59:35',1),(720,1,'oRqGK8muQq5sAplqq0XHlsFDPYGqSF+QIUW61hQoLNBcQhWoe/hHXIEej2iJN5U5x8s=','2017-09-20 00:03:58',1),(721,8,'sZGD9Ay+Lpe4pnXO1lUQc7Q17lfYpLKpJI2Anox/aEvW6SjEe7wfte2ahty9zSu1jXI=','2017-09-20 00:22:15',1),(722,10,'cAPd3VIE/CGJ+16pf6XybnCkKpGb5jwNA85uniQNascKDe1SzF3HWM2ysxfi+hkZrSE=','2017-09-20 00:26:27',1),(723,10,'RfGm8s7neTxjQhY2Iy7wIQwpRWONOco1VanF2N+DjEGVfzTDXVMKp354spboldL94tI=','2017-09-20 00:27:38',1),(724,4,'wuGF3QmnR83sq2VrxIzZ3k9CpgWiIFQFPugFuFriVlBwMoyymkHq94Gjd9f3vqkqHoM=','2017-09-20 00:46:51',1),(725,8,'Oqcca3FAwVpU77LOEgkIrTBG+Lp/ruk/wUFuUXazu3mQKBWLLja5dnibPI9uCsBdUkw=','2017-09-20 00:49:04',1),(726,11,'RPk4ExObbxYr45WCc0MN0NOB/QZYkhtEwhsAzvUCliHMkpao1YI4MhwQs9kHEpNusVE=','2017-09-20 00:49:28',1),(727,8,'QvOqL8X+txN0Tf/g/tcxQjTPxf821aeAiLs3waVItqT+5p0bJ0mBkAcWMvZmnuwQq84=','2017-09-20 00:50:36',1),(728,8,'h0B43bYMHm9awtOFEPmTK3FTti2KxeJWSfhIj45NgjJWSgF/k5AjUWYlDR1FLTV7xcM=','2017-09-20 00:52:42',1),(729,8,'ReODiUKRdtMxz2j4xvXxMwCMYp0ZU/loQN0StUeJZ3krX01HjEnN3ANgIvKRctEQAEA=','2017-09-20 00:55:07',1),(730,11,'aEL2MZKoVAE+o7Jj+J4/rjLUddWXi4rcvykVj0Ye2Tcf53MIwEdCbQwhtC883XldutQ=','2017-09-20 00:55:41',1),(731,8,'Om6t+ztT2Mben2TrK9eRGiWxVAl8zOloi40OzULBsczLEPwV1nmALEqRde/OEQ5iuWI=','2017-09-20 00:55:49',1),(732,4,'CngV2MAtegf5BR62M4QTX8z0sKZOOUJQLuYtT6nywvN9fgxNOHVW3W262rs7IU4la5A=','2017-09-20 01:09:15',1),(733,4,'bse6duU1oIYi8frdqU361wetFIDwaUHlA3EwLz8fX4f1EvEsiPYzI6jzHx3M3fBtU3A=','2017-09-20 01:27:53',1),(734,11,'SOX2kaDSINE8zdTInoWfxJbM756xeMGpLH8QxEg7mNWmr8BQ1RhgXKsR7EMw5G0MkVw=','2017-09-20 01:47:25',1),(735,11,'ng3knhFKPUEquAxUBA7Ldjcty94zjPvgWFD+tpNOOC4qY3+zg9Akf1dqas3WfwEvUKg=','2017-09-20 01:47:41',1),(736,11,'WNhAgzUjdyT54tK+IfGJhste7d9tdjgt9UBST4/2qzFzd/3f3BMwba7d3WfujpWcouQ=','2017-09-20 01:49:33',1),(737,8,'gouBz0kfTU4x5c2zuKp2JB9ySzBljzu75UhNaiLhvF2B+efx+eTnJutdANezriLEblw=','2017-09-20 01:49:46',1),(738,4,'RIUZjVZ2VnK3PCbC+7+h4Dl+io5McbpZ8U0MMmd2U8zpuXbpo03BUo6D0q5w/tP3YhM=','2017-09-20 01:50:13',1),(739,4,'PSLEq/W3X3NaajHQPNqAShW7pVUtqrcVj7IemwbFsUIncPRloj/pNcAoZXAZ+qNfT/g=','2017-09-20 01:51:01',1),(740,11,'ucxYz6ekc+97ZRpJnlszDtctyMaRqoYJ9KkGQxUusoALqnOJkvswHuGMNIpbHcAoqGc=','2017-09-20 02:16:00',1),(741,11,'NGzlpekrNbi1/DvzVpzI+niGViE6LmTtmpx+j91IH0BM0lX6+QKj1yXyRc+n3rgBZMs=','2017-09-20 02:16:52',1),(742,4,'MwQJBYF3ASXlC8HjSnAaWve7RnFhssvb9XPBubyixhxi44XjNMRKfwv0ShOrvsS1Scw=','2017-09-20 03:27:04',1),(743,1,'7KFFXGxeaMutJddDOcWGGLKkye+fOCkSKDfBCYF6igYd+yeyIUjy0DKgKnxMZe5MvlM=','2017-09-20 15:19:40',1),(744,3,'FHBaR3OXFc3hlG+nQ/LEvVKax1fQmvPz0+gfks5+zfJseM+dUWjYn8vzX4GnVLFVuas=','2017-09-20 18:15:51',1),(745,10,'AULv9puntZ9Qb2DZ/u2YCJwJTT2qB3nAk2ALU7eHRCc56bHf1TuASi9tkb0R7f3ZjUI=','2017-09-20 19:32:10',1),(746,10,'86KHzIPBUL+cYX4gMwavSWyfEzme7YnmxcmJdhd1Zv1FT+N/wP+9kucV+oFpgIBEbss=','2017-09-20 19:32:16',1),(747,10,'bIuFU8B2MBkhks4U15Tu14Bo281W6LUxe88WxTyAkHGfUUgUFRn2QulZLypOe77ot1k=','2017-09-20 19:32:32',1),(748,10,'zlMPcIEeqoEDymIH9ldYOt9voSmjdHYVcanYViREjrM+dOzFCmK1wWKJQJAhqi5pZgU=','2017-09-20 19:35:31',1),(749,10,'F+M6cExLAfp9OiKwWGwmBeTlD3qzWz/knSXz9hZmc9pQB7Q1Tza9KU8/kzgkcg7TB6o=','2017-09-20 19:39:02',1),(750,10,'9zCjBSugzDFFBUtYTaI6gLnMC4tx8V/LdxxmFc3lwE58z2B5nFeUTJjR6OQxWGlkmA4=','2017-09-20 19:50:57',1),(751,2,'ZLwyU5fKrIQ4l4n7e7iO9k+tUCoQipD94JAqKM6oYyK6zgIp4ZFYqtQbD8eiVk3QFNU=','2017-09-20 20:23:59',1),(752,2,'nvs1L9/j9CufTMZuQOgTnC8nKxOLXpkeRjalOnfL9vstiRDnoqRe54Lk+kPRO+yc5t8=','2017-09-20 20:24:39',1),(753,2,'OBiTcwPT4mtUtFw1UoU8F3AN57ArPkUMopbAQqsmtrVo9/1+zemYwdX09KWkY1V8VOw=','2017-09-20 20:25:49',1),(754,2,'/Khtv15AEVzYEFnRO0kjDqgYBBBI2tjcPy9aalrRRkpURWTgjQf4WAHYqrYZM8kRLz0=','2017-09-20 20:28:06',1),(755,2,'mF0pRreEHGXX0GnsbjaGuIRKSwluYgJKOvImbX1MDD9ii6JgdrxMscRp8ufObYmuR0A=','2017-09-20 20:28:18',1),(756,2,'PEESRV4jyo6X9MDo5pzBEPb7hCAYI+lS2/wP7/lzcwZhQBtvTfI7TkbomSwhDCfTFZA=','2017-09-20 20:28:25',1),(757,2,'qXbhL+9pfICZo6spyr/YcTCXU8R0Q1iWLQYkXcvM2QXzhRwThrWiHz/bwiuSpRQTQ+w=','2017-09-20 21:11:17',1),(758,2,'r/Tmc31p+75zX3GBf5TYx67ffTTVXlCPbjDKrtmWrxdXfChePgWkA9T6yIUnE6ztT8g=','2017-09-20 22:03:25',1),(759,2,'VOW5vygwOdQ5wOHN5SlZFuvoVpn+PRQzIPQoFHX2KWRIcT/zxjI9cSQHQdI0M+1Iehg=','2017-09-20 22:04:09',1),(760,2,'4f5HZHnUab8iP3DxVj8k3KDdaRLVCPfGSdhQWkQ2ceOMR88MPGpjyFcO0zw2ip/m5YU=','2017-09-20 22:05:49',1),(761,10,'X4koLs9Llt0vdXdhSdBkJG9UPDiwG0wLnnbRQwygrplK0+wZ6LBNSPSo6bShAJp1B7k=','2017-09-20 23:06:14',1),(762,2,'qB1U5eN2b5XlaSE67fwbrvEojbbC8+1tEj6adkIj+ZD4wc9bqnAzBwkRsLPSyMyHkdg=','2017-09-21 12:39:07',1),(763,9,'8REBvTLpw9UZK2XOg8LXZs9P6vCdS+mvCzGz81+Y6gmJgI00gxfHnf6+52zuhAnHMtc=','2017-09-21 18:22:30',1),(764,8,'IeIqPjBvgaux1Pc/f2YM+BqQpDVdRPsww/QRxS9RJQuphYUsUBCVKsnrAdkn4vqyjWQ=','2017-09-21 20:19:51',1),(765,51,'5AQpoc4QLIUzub3tACQaidvkypcg/8wbXZMQz30JsSJRgnqQH4g4xDahZSbsoYAn754=','2017-09-21 20:23:26',0),(766,8,'s5KesEi9/igC/sMkXiK97R2inzUfF6omLcMh+PRzrJO8OJeDp047M41oa40B1go939A=','2017-09-21 20:25:13',1),(767,8,'E0lNgT8PLzH90s1t3KCJDpXK7++eZiFzGimfCO5mZrhh7pF4JmlduM974IlKH9YIV8w=','2017-09-21 20:26:12',1),(768,8,'SSCe9FUV843Qi0hO51IHoUZnEmNrWYiYBn4ug0BcgWWCO4Jg/h4soaJ7UTSAnoJi3pc=','2017-09-21 20:26:51',1),(769,8,'xstLVC/G8IG7fki709G08z9iAPdMcLJrsRGwJWZiormJ689ONFO4jXjv0TWvooAeJpU=','2017-09-21 20:27:08',1),(770,51,'dzV2dYkNbJz6kL7WUz42sRY8mG5ndDmpyoe4ztaArynpl5z+0fSJfaSEweuzS2vguAg=','2017-09-21 20:28:06',1),(771,2,'awYnz+m63YGCacIfdA9VKzBkhngePch70lOmPE2UjqpVJ6bnChRhH0ygImVDcI/HAGQ=','2017-09-21 20:30:49',1),(772,8,'tBpy0GsHkV/iUCrdhldtwlzp8SI+V83Whz/HV2+4ugoxrk5S4pb5rCGbULZ+SJv7GIY=','2017-09-21 20:31:24',1),(773,10,'DsG0wDtppE+VCFWEDZBHj90s1zoYZo9xT7gz2d+QAYPWT4HbtidFTzWzJxTjaceuvJk=','2017-09-21 20:33:28',0),(774,51,'q9GLwDlX6KLL1q2SiwtNg1AeSXE6VrGFzzlAIEDx2eEWHoFyHIJZqzih5M/sgSviIl8=','2017-09-21 20:33:45',1),(775,8,'muIPMPZ1QOSjb+muBWnfmzltJANV1H1QR7rw4ZWjdmjwWeysT5XcjvSc5FsVxqStqSg=','2017-09-21 20:34:36',1),(776,10,'vu0XhMipGhVM/nRq6im/Yxy659l7Fh/HvTb4I10Nw+Xx5BAnCWmB2PigtotynxbHafo=','2017-09-21 20:35:56',1),(777,8,'tmLxbQHhQjqlPpe7bQjfeA6tTafEct8cUc0rYJmbs5yxi27Amlp1xZjCYUhz6MysOFw=','2017-09-21 20:53:23',1),(778,8,'aBjLQWZRvz++sEcqEcP2F08qsK6Dh8DrZW6s1CMZ4WrNBdnVkXP643YhXT6aPPx++tM=','2017-09-21 20:54:09',1),(779,8,'NjCFDCYLJkcNDcB637gwQRV8oe11TyR9FUMDP9hm8TOLfSGh/R2VOkR06jxLmnsy/i8=','2017-09-21 20:54:25',1),(780,52,'ueFPU2fJEik4L8mL9AYEgEOfaMGfxCD8WUb8l6xLEiTfe0r1npUwGkymqjqmKaXyL2M=','2017-09-21 20:56:27',0),(781,10,'ndstXxFyQoC1uBxThFvQqtedFTSCA8C6qdCVsti9iginNInw+uRCRjN1x5ClAfXF0dA=','2017-09-21 20:56:49',1),(782,52,'QN/8vrvqNpJPgU9jn8ZWlaJuZNcLIJiiTZagnki7jOqXY2KdlkOKaxSHCSRswMsIAl4=','2017-09-21 20:58:42',1),(783,51,'K19Re+4naGf9GWItZBQvbytZmn5G54I12iNZdW5J0cwBm/2+GJRqBeyiTBJoE/GJYn8=','2017-09-21 21:10:44',1),(784,52,'vZhmrUDBf0WsgKWgHCWT/YSjU8LhTOwh5Dq1Vgrog/9ZQataJ4xx6dOpVwkxcU57gu0=','2017-09-21 21:12:43',1),(785,52,'LZIf63LeRJzr3TMY1D2FBmYBVoB1P9WxpAu7pX7Id2YKbbwoOK535FqNWmB6DEIgLcE=','2017-09-21 21:13:12',1),(786,52,'7AA5//JIFzfLq2u4RSeojoJOO1LmiuV3a+qeg8yMOdosfyUEdXVdRK8BRSZQ2qy19b4=','2017-09-21 21:13:28',1),(787,8,'GN9oyZajGOCewJ8MMOGHWGFTIZ471GuEUXGHx1vm6bFGsQIBEouX7v3Ato4NNy/fcQU=','2017-09-21 21:19:07',1),(788,10,'lEb58miHOcY5k3vy+5GDxJSgNIamwm4/wytifzYEVz8tOx6z0Amh6og3tvtmsqwLZaI=','2017-09-21 21:32:42',1),(789,10,'ibDGwV6hccKOxUKL4hgZr/vLh7N0iak3g1xe9IVrRqehY21qIRXZhrMJZlMsHVrXLLk=','2017-09-22 01:42:46',1),(790,4,'ScAmXioSLM4G2ob2Rz5ZkHBXxkgSdMlpCUKPTzE2Fjhu1YctJgAm8cudXz4z7OPzKqQ=','2017-09-22 02:12:36',1),(791,4,'/Fe5v2Iy3fqOHLPgm2LOzDaDSVGE37h/WlU7eJDyCGRD9ss7Rdqkqw4HTIwPSIaKV34=','2017-09-22 03:06:13',1),(792,2,'13NqStU8OBBCSoPAsWmJMvfpEzNrun10IAZyfzN08Mea5ew+nNF/AAPBui/8BDnkvLY=','2017-09-22 12:49:49',1),(793,2,'u1aHLmOUUt4BgJ4of/rdl8ddsZMnpEFjLG8DFBLoGGv3m5YE5W8X1LZQiTQxd+PhER8=','2017-09-22 12:50:11',1),(794,4,'7ytS7GWIAgAbGCUE/GXxDc2z1E6IILLL0JnzFojRamuNyEWsZlmGAZ/1soXIAummcA8=','2017-09-22 12:54:36',1),(795,4,'s1sNIJtQmixY2T4EPBTgbHUQ4t2b8jg1bgtNhfqOM8QjuiLroV4uNaccoSE7M3JEU8g=','2017-09-22 12:54:47',1),(796,4,'vzZRPW0EcxCQ4X1yxACI1xvb8P/ThYjaTW3wOsCdk2rS3sgqSSFa36YOMJe59MG6Oms=','2017-09-22 12:56:20',1),(797,4,'PHjmpmfflF0bxyiqZuMVppRnF5OSK3zln4yF47LT8G1tzYOQGCorT530t6cSbzviF40=','2017-09-22 12:56:33',1),(798,4,'7knjYtVY2YP0J/u4TzuYcKo4lkD5ovhlVKEkX7iEdOSyCgrKzXhzv/vQmRmWeYMVLBM=','2017-09-22 12:56:49',1),(799,4,'OSyqkowsjsZ/Sw1dePOha95rUsgEeA07c0a1kNVlwynOptv8IBydmwOx4U0gc9lUmSM=','2017-09-22 12:56:56',1),(800,4,'1jRQry97PaosaFVbvrQ6e8dHppxuFfhuUgDyHB9phLpQUn+s0cS0JLan1jd/MP0uelw=','2017-09-22 12:59:22',1),(801,4,'vIc3cg2BSb+I1Q3niNjA5LNWWUAF2768SqnYcZQg12rJ7xs/UciybOuINA5ruCXbRDg=','2017-09-22 13:00:00',1),(802,4,'9kFiG5irx49x+ceZM/Uv2na3WWDwsa80kai0bmo2tdbBWjEacMGuHDz+FOWdzLIegEw=','2017-09-22 13:00:06',1),(803,4,'wv1wtvEfiVdoktTx/RrC78W3xJ1O5OofgmGWS0xUDL5RSpxwKf9nRu6uLunum0tj4Uw=','2017-09-22 13:03:55',1),(804,4,'7iYFNPJmaIfUZ2Fwfo/uRf8/lsA7KHv0gpNQjjamgglXCUzTVw8HGEre7IYwjPu31ws=','2017-09-22 13:06:23',1),(805,2,'gK9P3cUAcuhiVpO8jXLIFP6vL/YAvfMb45+4h33vM83POeuFbdfvrZpVacwdx477tlg=','2017-09-22 13:07:03',1),(806,4,'ms5Uu3ZaCiwsBH3SbN0GsMdPkeOuv+PgoW+Zao9v6drOD+Ckkq9UI7FHnMUfb+Ny2Hs=','2017-09-22 13:07:38',1),(807,7,'IAxqi+Vn1k/9E4lAXo+gCX5O7RTXnQ9HhqAgDRPYGLH3q2W1WTdic8kl1zz442rBIik=','2017-09-22 16:08:28',1),(808,4,'QcV5riCa1t0YWQg0syvnuMara09xVDW8AZhgYSfxgMt2FEge/8u30MqSDfKsuB7F5So=','2017-09-22 16:20:37',1),(809,11,'nsOBZV1K/l2tsNcrB0mQU/hHvzx1a66TGkFXE+PCeqnPUN+4vcsnKlou0sC+tCoYb+w=','2017-09-22 18:50:17',1),(810,4,'mEsqRZoBagMfo23nc4ZQyna+h6nshzTBf9YYfTcMZzOg67xIUyh9pHaUZ9/iRLizdJI=','2017-09-22 18:51:20',1),(811,7,'c8G+E2oSbkgSD/pNQuaGD6WwiHoN5epcOruG2rhJKjDP4BdKDYDRic2C/cu3l1xzw8M=','2017-09-22 19:44:08',1),(812,10,'Q8NYyszH5H4H5cskZYQpGRRGRGmvHQ3SETK1GSNflda+b0O9SA+7K15j/l7T1lYL1Kw=','2017-09-22 19:47:53',1),(813,11,'DWbEyd0+zBVSpo49PzvUcFRel2my2s0NhmSu2GWMeNZBm/8YIAsxEyprkqMw1o67Ebc=','2017-09-22 19:48:49',1),(814,11,'ecS8ZN36nxN7IX5zGiFbyTmjdvNg/636lv8y2AaOCdGEC9wVhqXTSdUtRwC4NGzyECk=','2017-09-22 20:57:29',1),(815,7,'E0Xac2axD4ngbzS7+abCxwwXRvgYZep6NF/ltyb+z0jFZ2CkRhGRmSJzzZvw5wsNzVk=','2017-09-22 20:58:11',1),(816,9,'nZeOoi4+x165a2Og5+obXgcov3oHu838YTz9LMtL8UZHKqOiF3UuYqRTYhtx5Hiaq0s=','2017-09-22 21:10:50',1),(817,11,'Aqoozt34oF9A1H0PFK/s5tDDObjSFqH+U1+poZ5JZYWEGj13AGvZtbDhaXvYVDN2jx8=','2017-09-22 21:11:33',1),(818,11,'DHgALbSzMM10ZZSSkYOliJ4QBEr5fwZyAbx1FIAlllPxcNihLyTelK4uX+mVMlWo4Zo=','2017-09-22 21:47:19',1),(819,7,'CYBtDlFbeVdtHivEqMl0RzEyku2eo6jwxGPrimNPcbdXktKQk8WGQ01CLfaEk8+tpG8=','2017-09-22 21:48:54',1),(820,11,'HppZNVSacPaI6HaHB9FI6RHGkM0M3vMsM002KpKPGldBahksTEcvRugA1VZZkW70b00=','2017-09-22 22:06:47',1),(821,3,'Zk46WcVNAT0jxUvXbkEXRG8zcJ6lZPW9C3YmyzoBPZJAUfF+v66bkAoT0dT2w3d3lX8=','2017-09-22 22:25:31',0),(822,3,'pppPWZ7cw6kmWdk9jpEr+5fqa+EMwXysk1NRvj1z0hpZR/cY2Rw2r8xHaWH8UUegzMk=','2017-09-22 22:25:53',1),(823,3,'3lR/VsVGL3KaqNWDwxhG3ttga+jI3Xib77TwNcfOBX2BmK32kSqAw7EcELuM/8MfeGY=','2017-09-22 22:31:43',1),(824,11,'u9wMFPh5wFlvORB/4OVsOlY3E46/qwczk52oxRr/PFS1GBkGLQUtItz2GmHsCUkDe1A=','2017-09-22 22:42:16',1),(825,11,'6fzQOgRGnHKcStpG+PULPNBauGdPCPR05BB6aGXODqIhWsQeRQQSu8JASfV9K4TdLaI=','2017-09-22 22:57:56',1),(826,7,'RUCcXdOCPBY64GX5MabGNiziE8K2BG2zaZI4aYJTV/XqBANBCyPelMKRMlR3VI1gH48=','2017-09-22 23:00:03',1),(827,3,'YAgq+PzMpirMTP7fk0vb1sdXIMy9nRDDc1G8ui7/FKl5zbx82GUarpapONg+9LgXfQg=','2017-09-22 23:00:44',0),(828,3,'yKr02e2sUZj9pnSKwhGFGXwVhf25+xGIihJHecHKi8LtDRJEwlfoO9SFUdOPVUf3ZKY=','2017-09-22 23:01:12',1),(829,11,'21ved//H5twmIhX1BemhZ6hd2v9Rm3qNoI3fHR2oucvJjBso9vDhGNEKSm4KE023xkY=','2017-09-22 23:31:42',1),(830,7,'ef8gSzBig7ax5MezKVe8tP2l20Jl/+c6Qx1y5tq28luHt6ixuS7MrBDk/EDFrd2AEAI=','2017-09-23 00:34:06',1),(831,7,'K2ABUU05FM9pAPN+TYm4eKP4eVjfW7NGX1Qd/YM17X4MXi5NRAiPpZwrk5hutwDRRd8=','2017-09-23 00:35:55',1),(832,3,'f7LSipg3s+xG6i8DuKwSXJabysld2hjH7Kk+iBg3KTxkuCH7735klhBLVmi4ZhMbcGc=','2017-09-23 00:36:15',1),(833,3,'vMoqfpOPSGDpObsUMQuWPj1tQ2wwVue/qKzn1W+ws7RfGhFstY1Ci+AGNqUAyzJPYbQ=','2017-09-23 00:37:02',1),(834,3,'8qDTb5b8v3R6KSYtxiTlRWDpZpq0cNsw4ROVDJL6AAMNALM7iSE2kd5qJdaZTigV11w=','2017-09-23 00:38:52',1),(835,3,'dyNB4fqeDymN7Ogtxjo/22FAEDeiU3/p08qfaCzBNOV0xRaAZag64lvQfgNZbC4pjY0=','2017-09-23 00:39:04',1),(836,11,'OJrV34kOH5JC17/R2PH1heNwR8ZZAXGy0VNr+ciCCal8EsSbeszcxgbpxElJYEIiLWM=','2017-09-23 00:40:03',1),(837,28,'si+x4y7y8uNW2yk0K2yvSWfTrsTCuS7FRfFi0rZjJ6QZSOWs8k2UD4gVrB77UYWU9zs=','2017-09-23 01:26:54',0),(838,28,'dHaIdy8JtTdSZa/BHrWF1v+chdVR3wUNmnmXDpDHnOdI4W/NJCrY3tvmt/DDcFkmo54=','2017-09-23 01:27:34',1),(839,28,'1RuM1+kFA26GDLfiZQNg1tQYw6aIAD0iOUyQvjLjsxtdr7JrgeM/5GPLMVc/XJOP608=','2017-09-23 01:28:03',1),(840,28,'BzrYIlHPVKXtnf+8zZl8HA/MwqsMoIRBORHfack2FJySmPU8v//Kr3gY+bVb5R8lVzY=','2017-09-23 01:28:59',1),(841,3,'bvxZWHJhRgbiIakEbcphPWW7SnzfoHJ6zVYRIbyZg9CZfxoD6UeXACqZHWqXt4KRMk4=','2017-09-23 22:04:35',0),(842,3,'b23hvyW4V7DZ/045TPeJf0ofouy4tpTBbPp8+ubj+FQimF6jYuytT9aqSc4oXcolLOg=','2017-09-23 22:05:11',1),(843,7,'A0hYTE5OKJsQDe82ZQVU+jcz99Nk1P2RU9/+qnC3gGR9eKjlOjDArVRvpFbxqvrEbpc=','2017-09-24 15:09:49',1),(844,11,'p5OnR2WlpOVsReKNeeyqNm8uBobPwWCzXAR6sYm30aYjF2/ZfXbOeciBTG/2sWSolX4=','2017-09-24 23:05:56',1),(845,11,'1KfgXo+ZayM7nx0FjKAQD3ASaXO8aeVSfFF9ViOK/6SNjN0i5cstKBlkmy6UOsze1ro=','2017-09-24 23:07:28',1),(846,11,'FNhYngb/cOHdMryKydxdaihw52g9/QSMTQWtRicQijjwmgU2D5QmsLVbAhAkabkk6pU=','2017-09-24 23:11:24',1),(847,7,'HxI6zUSYzwkLrP/NkYkpgaEDU2N51Z/9gb3Gzd2AtftiuSZWPYGHojEpikMIuBaknzc=','2017-09-24 23:52:41',1),(848,7,'daqrKVMQ43jNKWogdfylgAwTy8DjenToGTDIrt77vczPCG8vKOqwKQjZA/FUGmzVmzY=','2017-09-24 23:54:03',1),(849,7,'rTXUTmTULAmmJhzZ459hEAy4z0vL+usn6stRJ03wNbpWcnurMSZv2hYJhiiGge0/ipY=','2017-09-24 23:54:40',1),(850,7,'2GB+PsdU/+eXCQnOPyo+UET8LxVepgS+0vKhwhwihKTRx9pjThV9Imgo/dvmc88boPk=','2017-09-24 23:55:30',1),(851,7,'IPPOve7LTb5BJqluqx32X5b1QUQkNDkuQv23G/ZrP1y5Pq5NigoC6CN9lMj9IegR1PU=','2017-09-24 23:56:23',1),(852,7,'bSmKt3x0r1fAfm2F4I8Txh5wJZr1OO3f33RwZcyucnuHzerLp26ZMMYu+FFVIPhy9bo=','2017-09-24 23:57:20',1),(853,11,'cSqxhynjD2jVMcISDxiew3tLNRtpiK4KF9b7uc2Fi4QOqV7BWzxhgohEnSk1dcIv9kg=','2017-09-24 23:59:06',1),(854,7,'gCPDjc3sR7cPQ/dYBpDWrVE9/HftGzh0ZvZ7TTr3bujR6GNPh0/yaSlV1JpLlB/030U=','2017-09-25 00:30:21',1),(855,11,'Q7s+qJvtIPqpmJQ2vUWO5EQJ0L0n47+DqdLT1eICiuA2nDFjygNT+sE5kziz6pZuAQA=','2017-09-25 00:33:46',1),(856,11,'KBgPrZpv/ZCqvwzXCA9ekjUAzjS64q96NZBqrHmlOFWElPnO/ZlKl9WnAF94yGbImmI=','2017-09-25 01:13:51',1);
/*!40000 ALTER TABLE `auth_tokens` ENABLE KEYS */;
UNLOCK TABLES;

--
-- Table structure for table `migration_versions`
--

DROP TABLE IF EXISTS `migration_versions`;
/*!40101 SET @saved_cs_client     = @@character_set_client */;
/*!40101 SET character_set_client = utf8 */;
CREATE TABLE `migration_versions` (
  `version` varchar(255) COLLATE utf8_unicode_ci NOT NULL,
  PRIMARY KEY (`version`)
) ENGINE=InnoDB DEFAULT CHARSET=utf8 COLLATE=utf8_unicode_ci;
/*!40101 SET character_set_client = @saved_cs_client */;

--
-- Dumping data for table `migration_versions`
--

LOCK TABLES `migration_versions` WRITE;
/*!40000 ALTER TABLE `migration_versions` DISABLE KEYS */;
INSERT INTO `migration_versions` VALUES ('20170910203525');
/*!40000 ALTER TABLE `migration_versions` ENABLE KEYS */;
UNLOCK TABLES;

--
-- Table structure for table `money_flow`
--

DROP TABLE IF EXISTS `money_flow`;
/*!40101 SET @saved_cs_client     = @@character_set_client */;
/*!40101 SET character_set_client = utf8 */;
CREATE TABLE `money_flow` (
  `id` int(11) NOT NULL AUTO_INCREMENT,
  `debit_user_account` int(11) DEFAULT NULL,
  `credit_user_account` int(11) DEFAULT NULL,
  `admin_authentifier` int(11) DEFAULT NULL,
  `value` double NOT NULL,
  `description` varchar(255) COLLATE utf8_unicode_ci DEFAULT NULL,
  `createdAt` datetime NOT NULL,
  `isCancelled` tinyint(1) NOT NULL,
  PRIMARY KEY (`id`),
  KEY `IDX_BD4C7577549C12A` (`debit_user_account`),
  KEY `IDX_BD4C75773CE52E4` (`credit_user_account`),
  KEY `IDX_BD4C75779ED6A804` (`admin_authentifier`),
  CONSTRAINT `FK_BD4C75773CE52E4` FOREIGN KEY (`credit_user_account`) REFERENCES `user_accounts` (`id`) ON DELETE SET NULL,
  CONSTRAINT `FK_BD4C7577549C12A` FOREIGN KEY (`debit_user_account`) REFERENCES `user_accounts` (`id`) ON DELETE SET NULL,
  CONSTRAINT `FK_BD4C75779ED6A804` FOREIGN KEY (`admin_authentifier`) REFERENCES `users` (`id`) ON DELETE SET NULL
) ENGINE=InnoDB AUTO_INCREMENT=83 DEFAULT CHARSET=utf8 COLLATE=utf8_unicode_ci;
/*!40101 SET character_set_client = @saved_cs_client */;

--
-- Dumping data for table `money_flow`
--

LOCK TABLES `money_flow` WRITE;
/*!40000 ALTER TABLE `money_flow` DISABLE KEYS */;
INSERT INTO `money_flow` VALUES (1,5,1,3,3.6,'Annulation de la commande n2','2017-09-08 17:05:21',1),(2,5,1,3,3.6,'Annulation de la commande n1','2017-09-08 17:05:36',1),(3,5,1,3,3.02,'Annulation de la commande n3','2017-09-11 18:26:40',1),(4,5,1,3,1.67,'Annulation de la commande n5','2017-09-13 19:36:42',1),(5,2,19,4,20.5,'Remboursement compte client par admin :Ancienne dette','2017-09-13 22:36:44',0),(6,2,6,4,64.13,'Remboursement du compte personnel par soi-meme','2017-09-13 22:38:45',0),(7,2,10,8,28.64,'Remboursement du compte personnel par soi-meme','2017-09-13 22:40:02',0),(8,2,13,11,22.21,'Remboursement du compte personnel par soi-meme','2017-09-13 22:42:29',0),(9,2,11,9,18.96,'Remboursement du compte personnel par soi-meme','2017-09-13 22:53:27',0),(10,2,12,10,3,'Remboursement du compte personnel par soi-meme','2017-09-13 22:55:03',0),(11,7,1,3,1.5,'Annulation de la commande n4','2017-09-13 22:58:04',1),(12,2,7,3,4.5,'Remboursement compte client par admin :Ancienne dette','2017-09-13 22:59:20',0),(13,6,2,4,60,'Recharge du compte personnel par soi-meme','2017-09-14 09:02:19',0),(14,2,6,4,21,'Remboursement du compte personnel par soi-meme','2017-09-14 09:04:11',0),(15,2,18,4,21,'Remboursement compte client par admin :Ancienne dette','2017-09-14 09:07:17',0),(16,6,2,4,21,'Recharge du compte personnel par soi-meme','2017-09-14 09:08:06',0),(17,2,8,4,8,'Remboursement compte client par admin :Ancienne dette','2017-09-14 09:11:11',0),(18,2,4,4,4,'Remboursement compte client par admin :Ancienne dette','2017-09-14 09:11:50',0),(19,2,4,4,4,'Remboursement compte client par admin :Ancienne dette','2017-09-14 09:12:23',0),(20,2,5,4,4.5,'Remboursement compte client par admin :Ancienne dette','2017-09-14 09:13:11',1),(21,2,5,4,1.8,'Remboursement compte client par admin :Ancienne dette','2017-09-14 09:14:47',1),(22,2,5,4,1.8,'Remboursement compte client par admin :Ancienne dette','2017-09-14 09:17:06',1),(23,2,5,4,4,'Remboursement compte client par admin :Ancienne dette','2017-09-14 09:18:34',1),(24,2,5,4,1.8,'Remboursement compte client par admin :Ancien','2017-09-14 09:24:19',1),(25,20,2,4,23.05,'Recharge compte client par admin :Ancien','2017-09-14 09:25:21',0),(26,21,2,4,12,'Recharge compte client par admin :Ancien','2017-09-14 09:26:10',0),(27,22,2,4,1.5,'Recharge compte client par admin :Ancien','2017-09-14 09:26:35',0),(28,23,2,4,2,'Recharge compte client par admin :Ancien','2017-09-14 09:26:57',0),(29,25,2,4,5,'Recharge compte client par admin :Ancien','2017-09-14 09:27:24',0),(30,26,2,4,2.5,'Recharge compte client par admin :Ancien','2017-09-14 09:28:27',0),(31,27,2,4,4,'Recharge compte client par admin :Ancien','2017-09-14 09:28:56',0),(32,28,2,4,5.5,'Recharge compte client par admin :Ancien','2017-09-14 09:29:27',0),(33,29,2,4,4,'Recharge compte client par admin :Ancien','2017-09-14 09:30:03',0),(34,30,2,4,3,'Recharge compte client par admin :Ancien','2017-09-14 09:30:27',0),(35,32,2,4,5,'Recharge compte client par admin :Ancien','2017-09-14 09:31:39',0),(36,33,2,4,8.5,'Recharge compte client par admin :Ancien','2017-09-14 09:32:14',0),(37,39,2,4,10,'Recharge compte client par admin :Ancien','2017-09-14 09:32:37',0),(38,37,2,4,2.5,'Recharge compte client par admin :Ancien','2017-09-14 09:33:11',0),(39,2,5,4,4,'Remboursement compte client par admin :Ancien','2017-09-14 09:34:41',1),(40,5,2,3,7.5,'Recharge du compte personnel par soi-meme','2017-09-14 19:40:19',0),(41,2,5,3,7.5,'Remboursement du compte personnel par soi-meme','2017-09-14 19:40:42',1),(42,5,2,3,7.5,'Annulation du transfert d\'argent n41','2017-09-14 22:00:50',1),(43,5,2,3,4,'Annulation du transfert d\'argent n39','2017-09-14 22:01:04',0),(44,5,2,3,1.8,'Annulation du transfert d\'argent n24','2017-09-14 22:01:18',0),(45,5,2,3,4,'Annulation du transfert d\'argent n23','2017-09-14 22:01:28',0),(46,5,2,3,1.8,'Annulation du transfert d\'argent n22','2017-09-14 22:01:50',0),(47,5,2,3,1.8,'Annulation du transfert d\'argent n21','2017-09-14 22:02:01',0),(48,5,2,3,4.5,'Annulation du transfert d\'argent n20','2017-09-14 22:02:13',0),(49,2,5,3,7.5,'Annulation du transfert d\'argent n42','2017-09-14 22:03:00',0),(50,2,41,9,41.5,'Remboursement compte client par admin :Ancienne dette','2017-09-14 23:16:25',0),(51,42,2,3,10,'Recharge compte client par admin :','2017-09-15 21:51:10',0),(52,43,2,3,10,'Recharge compte client par admin :','2017-09-15 21:57:24',0),(53,44,2,4,10,'Recharge compte client par admin :Cash','2017-09-15 22:38:40',0),(54,5,2,4,3,'Recharge compte client par admin :Cash','2017-09-15 22:48:25',0),(55,46,2,11,9,'Recharge compte client par admin :','2017-09-15 23:05:21',0),(56,45,2,4,6,'Recharge compte client par admin :Cash','2017-09-15 23:07:59',0),(57,42,2,4,3,'Recharge compte client par admin :Cash','2017-09-15 23:20:59',0),(58,47,2,11,9,'Recharge compte client par admin :','2017-09-15 23:50:26',0),(59,6,2,4,40,'Recharge du compte personnel par soi-meme','2017-09-16 00:08:09',0),(60,49,2,11,5,'Recharge compte client par admin :','2017-09-16 00:25:09',0),(61,49,2,11,1,'Recharge compte client par admin :','2017-09-16 00:28:44',0),(62,50,2,4,24,'Recharge compte client par admin :Cash','2017-09-16 00:46:22',0),(63,24,2,4,2,'Recharge compte client par admin :Cash','2017-09-16 00:49:00',0),(64,49,2,8,10,'Recharge compte client par admin :','2017-09-16 01:13:48',0),(65,2,2,8,2,'Recharge compte client par admin :','2017-09-16 01:31:25',0),(66,13,2,11,36.5,'Recharge du compte personnel par soi-meme','2017-09-17 16:49:37',0),(67,2,10,11,1,'Remboursement compte client par admin :Carte','2017-09-18 18:42:43',0),(68,9,1,7,2,'Annulation de la commande n179','2017-09-18 21:03:03',1),(69,5,1,3,1,'Annulation de la commande n185','2017-09-18 21:15:51',1),(70,2,13,11,2.49,'Remboursement du compte personnel par soi-meme','2017-09-19 14:01:22',0),(71,10,2,11,2.49,'Recharge compte client par admin :Fromage ma gueule','2017-09-19 14:02:31',0),(72,10,2,8,86.61,'Recharge du compte personnel par soi-meme','2017-09-20 00:52:43',0),(73,10,2,8,0.01,'Recharge du compte personnel par soi-meme','2017-09-20 00:55:08',0),(74,8,2,4,10,'Recharge compte client par admin :Cash','2017-09-22 12:54:37',0),(75,19,2,4,20.5,'Recharge compte client par admin :Cash oubli annif','2017-09-22 12:56:21',0),(76,18,2,4,21,'Recharge compte client par admin :Cash oubli annif','2017-09-22 12:59:23',0),(77,8,2,4,10,'Recharge compte client par admin :Cash','2017-09-22 13:03:56',0),(78,8,2,4,10,'Recharge compte client par admin :Cash','2017-09-22 13:06:23',0),(79,8,2,4,10,'Recharge compte client par admin :Cash','2017-09-22 13:07:39',0),(80,5,2,3,5,'Recharge du compte personnel par soi-meme','2017-09-23 00:38:53',0),(81,9,2,7,3,'Recharge du compte personnel par soi-meme','2017-09-24 23:54:04',0),(82,9,2,7,3,'Recharge du compte personnel par soi-meme','2017-09-24 23:54:41',0);
/*!40000 ALTER TABLE `money_flow` ENABLE KEYS */;
UNLOCK TABLES;

--
-- Table structure for table `order_lines`
--

DROP TABLE IF EXISTS `order_lines`;
/*!40101 SET @saved_cs_client     = @@character_set_client */;
/*!40101 SET character_set_client = utf8 */;
CREATE TABLE `order_lines` (
  `id` int(11) NOT NULL AUTO_INCREMENT,
  `customer_order` int(11) NOT NULL,
  `product` varchar(255) COLLATE utf8_unicode_ci DEFAULT NULL,
  `quantity` int(11) NOT NULL,
  `orderline_during_order_price` double NOT NULL,
  `product_during_order_price_user` double NOT NULL,
  `product_during_order_price_admin` double NOT NULL,
  `product_during_order_real_price` double NOT NULL,
  PRIMARY KEY (`id`),
  KEY `IDX_CC9FF86B3B1CE6A3` (`customer_order`),
  KEY `IDX_CC9FF86BD34A04AD` (`product`),
  CONSTRAINT `FK_CC9FF86B3B1CE6A3` FOREIGN KEY (`customer_order`) REFERENCES `orders` (`id`) ON DELETE CASCADE,
  CONSTRAINT `FK_CC9FF86BD34A04AD` FOREIGN KEY (`product`) REFERENCES `products` (`barcode`) ON DELETE SET NULL
) ENGINE=InnoDB AUTO_INCREMENT=303 DEFAULT CHARSET=utf8 COLLATE=utf8_unicode_ci;
/*!40101 SET character_set_client = @saved_cs_client */;

--
-- Dumping data for table `order_lines`
--

LOCK TABLES `order_lines` WRITE;
/*!40000 ALTER TABLE `order_lines` DISABLE KEYS */;
INSERT INTO `order_lines` VALUES (1,1,'5410218005868',2,4,2,2,0),(2,2,'5411681035000',2,4,2,2,0),(3,3,'5412858000081',2,3.36,2,1.68,1.58),(4,4,'5400141123081',3,1.5,0.5,0.25,0.15),(5,5,'5411098700034',2,1.86,2,0.93,0.83),(6,6,'5400141123081',1,0.25,0.5,0.25,0.15),(7,7,'5400141123081',1,0.33,0.5,0.33,0.15),(8,8,'5400141123081',1,0.33,0.5,0.33,0.15),(9,9,'5400141123081',1,0.33,0.5,0.33,0.15),(10,10,'5400141123081',1,0.33,0.5,0.33,0.15),(11,11,'5412583240837',1,1.26,2,1.26,1.16),(12,12,'5400141123081',1,0.33,0.5,0.33,0.15),(13,13,'5400141123081',1,0.33,0.5,0.33,0.15),(14,13,'5410228208358',1,1.08,2,1.08,0.98),(15,14,'54490000',1,0.6,1,0.6,0.5),(16,15,'5410769100081',1,1.46,2,1.46,1.36),(17,16,'5410769100081',2,4,2,1.46,1.36),(18,17,'5411858100067',1,1.41,2,1.41,1.31),(19,18,'5411098700034',1,0.93,2,0.93,0.83),(20,19,'5411098700034',1,0.93,2,0.93,0.83),(21,20,'Biere-fut',1,1,1,1,1),(22,21,'Biere-fut',1,1,1,1,1),(23,22,'Biere-fut',1,1,1,1,1),(24,23,'Biere-fut',1,1,1,1,1),(25,24,'Biere-fut',1,1,1,1,1),(26,25,'Biere-fut',1,1,1,1,1),(27,26,'Biere-fut',1,1,1,1,1),(28,27,'Biere-fut',1,1,1,1,1),(29,28,'Biere-fut',1,1,1,1,1),(30,29,'5411081003654',1,2,2,1.69,1.59),(31,30,'Biere-fut',1,1,1,1,1),(32,31,'Biere-fut',2,2,1,1,1),(33,32,'Biere-fut',1,1,1,1,1),(34,33,'54050051',1,2,2,1.28,1.18),(35,34,'Biere-fut',1,1,1,1,1),(36,35,'Biere-fut',1,1,1,1,1),(37,36,'Biere-fut',1,1,1,1,1),(38,37,'Biere-fut',2,2,1,1,1),(39,38,'Biere-fut',1,1,1,1,1),(40,39,'Biere-fut',1,1,1,1,1),(41,40,'54050051',1,2,2,1.28,1.18),(42,41,'Biere-fut',1,1,1,1,1),(43,42,'Biere-fut',1,1,1,1,1),(44,43,'Biere-fut',1,1,1,1,1),(45,44,'Biere-fut',1,1,1,1,1),(46,45,'54050082',1,2,2,1.34,1.24),(47,46,'5411081003654',2,4,2,1.69,1.59),(48,47,'Biere-fut',2,2,1,1,1),(49,47,'54490000',1,1,1,0.6,0.5),(50,48,'5411858000145',1,1.36,2,1.36,1.26),(51,48,'54490000',1,0.6,1,0.6,0.5),(52,48,'5410228208358',1,1.08,2,1.08,0.98),(53,49,'5412343201337',1,0.84,2,0.84,0.74),(54,50,'54017016',1,0.57,1,0.57,0.47),(55,51,'54050082',1,2,2,1.34,1.24),(56,52,'ALCOOL-1CL',5,2.5,0.5,0.5,0.3),(57,52,'SOFT-GD-BOUT',1,0.5,0.5,0.5,0),(58,53,'54490000',2,2,1,0.6,0.5),(59,54,'54050082',1,2,2,1.34,1.24),(60,54,'54490000',1,1,1,0.6,0.5),(61,55,'Biere-fut',2,2,1,1,1),(62,56,'54017016',1,0.57,1,0.57,0.47),(63,57,'Biere-fut',1,1,1,1,1),(64,58,'Biere-fut',1,1,1,1,1),(65,59,'Biere-fut',2,2,1,1,1),(66,60,'5411858100067',2,4,2,1.41,1.31),(67,61,'5411858100067',1,2,2,1.41,1.31),(68,62,'5411081003654',2,4,2,1.69,1.59),(69,63,'5410228205937',1,1.5,1.5,0.88000000000001,0.78),(70,63,'54017016',1,1,1,0.57,0.47),(71,64,'54017016',5,5,1,0.57,0.47),(72,65,'5411676100812',2,4,2,1.41,1.31),(73,66,'54017016',1,0.57,1,0.57,0.47),(74,67,'3119780250110',1,1.26,2,1.26,1.16),(75,67,'5410228208358',1,1.08,2,1.08,0.98),(76,68,'Biere-fut',1,1,1,1,1),(77,69,'5411676100812',1,2,2,1.41,1.31),(78,70,'5411676100812',1,2,2,1.41,1.31),(79,71,'ALCOOL-1CL',5,2.5,0.5,0.5,0.3),(80,71,'SOFT-GD-BOUT',1,0.5,0.5,0.5,0),(81,72,'Biere-fut',4,4,1,1,1),(82,73,'5411676100812',2,4,2,1.41,1.31),(83,74,'54017016',5,5,1,0.57,0.47),(84,75,'5400141123081',2,1,0.5,0.33,0.15),(85,76,'Biere-fut',2,2,1,1,1),(86,77,'5400141123081',1,0.5,0.5,0.33,0.15),(87,78,'54017016',1,0.57,1,0.57,0.47),(88,79,'5400141123081',1,0.5,0.5,0.33,0.15),(89,80,'54017016',1,1,1,0.57,0.47),(90,81,'54050082',2,4,2,1.34,1.24),(91,82,'5411081003654',2,4,2,1.69,1.59),(92,83,'5411081003654',1,1.69,2,1.69,1.59),(93,84,'54017016',1,0.57,1,0.57,0.47),(94,85,'Biere-fut',2,2,1,1,1),(95,86,'54017016',1,1,1,0.57,0.47),(96,87,'Biere-fut',1,1,1,1,1),(97,88,'54017016',1,1,1,0.57,0.47),(98,89,'Biere-fut',2,2,1,1,1),(99,90,'5411681014005',2,4,2,1.29,1.19),(100,91,'5411681014005',1,2,2,1.29,1.19),(101,92,'5411681014005',1,2,2,1.29,1.19),(102,93,'5410769300085',1,2,2,1.4,1.36),(103,93,'54017016',1,1,1,0.57,0.47),(104,94,'3119780250110',1,2,2,1.26,1.16),(105,95,'54017016',2,2,1,0.57,0.47),(106,96,'LIVROGNE-BIERE',1,1.5,1.5,1.2,2),(107,97,'Biere-fut',1,1,1,1,1),(108,98,'54490000',1,1,1,0.6,0.5),(109,99,'54017016',1,1,1,0.57,0.47),(110,100,'54017016',1,1,1,0.57,0.47),(111,101,'54017016',1,1,1,0.57,0.47),(112,102,'5410769100081',1,2,2,1.46,1.36),(113,103,'54017016',2,2,1,0.57,0.47),(114,104,'54017016',1,1,1,0.57,0.47),(115,105,'54017016',1,1,1,0.57,0.47),(116,106,'SOFT-GD-BOUT',1,0.5,0.5,0.5,0),(117,107,'54017016',2,2,1,0.57,0.47),(118,108,'5410769100081',1,1.46,2,1.46,1.36),(119,109,'54017016',1,0.57,1,0.57,0.47),(120,110,'Biere-fut',1,1,1,1,1),(121,111,'5400141123081',1,0.5,0.5,0.33,0.15),(122,112,'5400141123081',1,0.5,0.5,0.33,0.15),(123,113,'5410769300085',1,1.4,2,1.4,1.36),(124,114,'5411681014005',1,2,2,1.29,1.19),(125,114,'54017016',2,2,1,0.57,0.47),(126,115,'Biere-fut',1,1,1,1,1),(127,116,'Biere-fut',1,1,1,1,1),(128,117,'Biere-fut',1,1,1,1,1),(129,118,'54017016',1,1,1,0.57,0.47),(130,119,'54017016',1,1,1,0.57,0.47),(131,120,'54050051',1,1.28,2,1.28,1.18),(132,121,'5400141123081',1,0.5,0.5,0.33,0.15),(133,122,'Biere-fut',1,1,1,1,1),(134,123,'5411081003654',1,2,2,1.69,1.59),(135,124,'54017016',1,1,1,0.57,0.47),(136,125,'54017016',1,0.57,1,0.57,0.47),(137,126,'5412858000081',1,1.68,2,1.68,1.58),(138,126,'5411858000145',1,1.36,2,1.36,1.26),(139,127,'54017016',4,4,1,0.57,0.47),(140,128,'Biere-fut',2,2,1,1,1),(141,129,'5412858000081',1,2,2,1.68,1.58),(142,129,'Biere-fut',1,1,1,1,1),(143,130,'5411858000145',2,4,2,1.36,1.26),(144,131,'Biere-fut',2,2,1,1,1),(145,132,'5412343201337',1,0.84,2,0.84,0.74),(146,133,'Biere-fut',1,1,1,1,1),(147,134,'SOFT-GD-BOUT',1,0.5,0.5,0.5,0),(148,135,'54490000',1,0.6,1,0.6,0.5),(149,136,'Biere-fut',2,2,1,1,1),(150,137,'54017016',1,0.57,1,0.57,0.47),(151,138,'54017016',2,2,1,0.57,0.47),(152,139,'Biere-fut',1,1,1,1,1),(153,140,'Biere-fut',1,1,1,1,1),(154,141,'54017016',2,2,1,0.57,0.47),(155,142,'54490000',2,2,1,0.6,0.5),(156,143,'5400141079784',1,0.44,1,0.44,0.34),(157,143,'54490000',1,0.6,1,0.6,0.5),(158,144,'5410228208358',1,1.08,2,1.08,0.98),(159,145,'5412343201337',1,0.84,2,0.84,0.74),(160,146,'5412343201337',1,0.84,2,0.84,0.74),(161,147,'5411676100812',1,1.41,2,1.41,1.31),(162,148,'Biere-fut',2,2,1,1,1),(163,149,'Biere-fut',1,1,1,1,1),(164,150,'Biere-fut',1,1,1,1,1),(165,151,'54017016',1,0.57,1,0.57,0.47),(166,152,'5412858000081',1,1.68,2,1.68,1.58),(167,152,'54050082',1,1.34,2,1.34,1.24),(168,153,'54017016',2,1.14,1,0.57,0.47),(169,154,'5410218005868',1,1.23,2,1.23,1.13),(170,155,'54017016',1,0.57,1,0.57,0.47),(171,156,'5412858000081',1,1.68,2,1.68,1.58),(172,157,'5412138103310',1,1.38,2,1.38,1.28),(173,158,'5412343201337',1,0.84,2,0.84,0.74),(174,159,'54050082',1,1.34,2,1.34,1.24),(175,160,'8711900013992',1,0.45,0.5,0.45,0.35),(176,161,'54017016',3,1.71,1,0.57,0.47),(177,162,'54017016',1,0.57,1,0.57,0.47),(178,163,'54017016',1,0.57,1,0.57,0.47),(179,164,'5412138103310',1,2,2,1.38,1.28),(180,165,'54017016',1,0.57,1,0.57,0.47),(181,166,'5400141123081',1,0.33,0.5,0.33,0.15),(182,167,'54017016',2,1.14,1,0.57,0.47),(183,168,'5412343201337',1,0.84,2,0.84,0.74),(184,169,'Biere-fut',2,2,1,1,1),(185,170,'SOFT-GD-BOUT',1,0.5,0.5,0.5,0),(186,171,'Biere-fut',1,1,1,1,1),(187,172,'Biere-fut',2,2,1,1,1),(188,173,'Biere-fut',1,1,1,1,1),(189,174,'Biere-fut',2,2,1,1,1),(190,175,'Biere-fut',1,1,1,1,1),(191,176,'Biere-fut',1,1,1,1,1),(192,177,'Biere-fut',1,1,1,1,1),(193,178,'Biere-fut',1,1,1,1,1),(194,179,'Biere-fut',2,2,1,1,1),(195,180,'54017016',1,0.57,1,0.57,0.47),(196,181,'Biere-fut',1,1,1,1,1),(197,182,'Biere-fut',4,4,1,1,1),(198,183,'Biere-fut',4,4,1,1,1),(199,184,'Biere-fut',5,5,1,1,1),(200,185,'Biere-fut',1,1,1,1,1),(201,186,'5400141123081',1,0.33,0.5,0.33,0.15),(202,187,'54017016',1,0.57,1,0.57,0.47),(203,188,'54490000',1,0.6,1,0.6,0.5),(204,189,'54490000',1,0.6,1,0.6,0.5),(205,190,'5400141123081',1,0.33,0.5,0.33,0.15),(206,191,'5400141123081',1,0.33,0.5,0.33,0.15),(207,191,'54017016',1,0.57,1,0.57,0.47),(208,192,'5400141123081',1,0.33,0.5,0.33,0.15),(209,193,'5411676100812',1,1.4,2,1.4,1.31),(210,194,'54017016',1,0.75,1,0.75,0.47),(211,195,'5412858000081',1,1.4,2,1.4,1.58),(212,196,'54017016',1,0.75,1,0.75,0.47),(213,197,'3119780250110',1,1.4,2,1.4,1.16),(214,197,'54017016',1,0.75,1,0.75,0.47),(215,198,'5410263918434',1,1.4,2,1.4,0.8),(216,199,'54017016',1,0.75,1,0.75,0.47),(217,200,'5400141123081',1,0.33,0.5,0.33,0.15),(218,200,'54017016',1,0.75,1,0.75,0.47),(219,201,'5410228208358',1,1.4,2,1.4,0.98),(220,202,'5411676100812',1,1.4,2,1.4,1.31),(221,203,'54004207',1,1.4,2,1.4,1.25),(222,204,'54017016',1,0.75,1,0.75,0.47),(223,205,'54017016',1,0.75,1,0.75,0.47),(224,206,'5425027970016',1,1.4,2,1.4,1.34),(225,207,'5411676100812',1,1.4,2,1.4,1.31),(226,208,'5410908000029',1,1.4,2,1.4,1.33),(227,209,'5400141123081',1,0.33,0.5,0.33,0.15),(228,210,'5400141123081',1,0.33,0.5,0.33,0.15),(229,211,'5400141123081',1,0.33,0.5,0.33,0.15),(230,212,'54017016',2,1.5,1,0.75,0.47),(231,213,'5411676100812',1,1.4,2,1.4,1.31),(232,213,'5412138103310',1,1.4,2,1.4,1.28),(233,214,'5411681035000',3,4.2,2,1.4,1.14),(234,214,'54017016',1,0.75,1,0.75,0.47),(235,215,'5411858000145',1,1.4,2,1.4,1.26),(236,215,'5411081003654',2,2.8,2,1.4,1.59),(237,215,'5411681014005',1,1.4,2,1.4,1.19),(238,216,'5411681014005',4,8,2,1.4,1.19),(239,216,'5411081003654',1,2,2,1.4,1.59),(240,216,'54017016',1,1,1,0.75,0.47),(241,216,'5411858000145',1,2,2,1.4,1.26),(242,217,'5411081003654',1,2,2,1.4,1.59),(243,217,'54050082',2,4,2,1.4,1.24),(244,217,'5400141353303',1,1,1,0.75,0.36),(245,217,'54017016',1,1,1,0.75,0.47),(246,217,'5411858000145',1,2,2,1.4,1.26),(247,217,'5412858000081',1,2,2,1.4,1.58),(248,218,'54017016',1,1,1,0.75,0.47),(249,219,'5411681038001',2,4,2,1.4,1.39),(250,219,'54017016',2,2,1,0.75,0.47),(251,220,'Biere-fut',1,1,1,1,1),(252,221,'5400141123081',1,0.5,0.5,0.33,0.15),(253,222,'5400141123081',1,0.33,0.5,0.33,0.15),(254,222,'54017016',1,0.75,1,0.75,0.47),(255,223,'54017016',1,1,1,0.75,0.47),(256,224,'5400141123081',7,2.31,0.5,0.33,0.15),(257,225,'5400141123081',3,1.5,0.5,0.33,0.15),(258,226,'5400141123081',1,0.5,0.5,0.33,0.15),(259,227,'5400141123081',1,0.33,0.5,0.33,0.15),(260,228,'5400141123081',5,1.65,0.5,0.33,0.15),(261,229,'54017016',3,2.25,1,0.75,0.47),(262,230,'5411681014005',2,2.8,2,1.4,1.19),(263,230,'5410769100081',1,1.4,2,1.4,1.36),(264,231,'5400141123081',1,0.33,0.5,0.33,0.15),(265,232,'54017016',1,0.75,1,0.75,0.47),(266,233,'54017016',1,0.75,1,0.75,0.47),(267,234,'54017016',1,0.75,1,0.75,0.47),(268,235,'54017016',2,1.5,1,0.75,0.47),(269,236,'54017016',1,0.75,1,0.75,0.47),(270,237,'5411858000145',1,1.4,2,1.4,1.26),(271,238,'54017016',1,0.75,1,0.75,0.47),(272,239,'54017016',1,0.75,1,0.75,0.47),(273,240,'5411081003654',1,1.4,2,1.4,1.59),(274,240,'54050051',1,1.4,2,1.4,1.18),(275,241,'5412343201337',1,1.4,2,1.4,0.74),(276,242,'Biere-fut',1,1,1,1,1),(277,243,'5411858000145',1,1.4,2,1.4,1.26),(278,244,'5411858000145',1,1.4,2,1.4,1.26),(279,245,'5412343201337',1,1.4,2,1.4,0.74),(280,246,'3119780250110',1,1.4,2,1.4,1.16),(281,247,'54017016',1,0.75,1,0.75,0.47),(282,248,'3119780250110',1,1.4,2,1.4,1.16),(283,249,'5410769100081',1,1.4,2,1.4,1.36),(284,250,'54050051',1,1.4,2,1.4,1.18),(285,251,'3119780250110',1,1.4,2,1.4,1.16),(286,252,'5412343201337',1,1.4,2,1.4,0.74),(287,253,'54050051',1,1.4,2,1.4,1.18),(288,254,'5740600200541',1,1.2,1.5,1.2,0.87),(289,254,'LIVROGNE-BIERE',1,1.2,1.5,1.2,2),(290,255,'5740600200541',1,1.5,1.5,1.2,0.87),(291,255,'54017016',1,1,1,0.75,0.47),(292,256,'8712100878923',1,0.75,1,0.75,0.71),(293,256,'54490000',1,0.75,1,0.75,0.5),(294,257,'54490000',1,0.75,1,0.75,0.5),(295,258,'5410263918434',1,1.4,2,1.4,0.8),(296,258,'5410769100081',1,1.4,2,1.4,1.36),(297,259,'54490000',1,0.75,1,0.75,0.5),(298,260,'5410228208358',1,1.4,2,1.4,0.98),(299,261,'5411676100812',1,1.4,2,1.4,1.31),(300,261,'5410228208358',1,1.4,2,1.4,0.98),(301,262,'54017016',1,0.75,1,0.75,0.47),(302,263,'54017016',1,0.75,1,0.75,0.47);
/*!40000 ALTER TABLE `order_lines` ENABLE KEYS */;
UNLOCK TABLES;

--
-- Table structure for table `orders`
--

DROP TABLE IF EXISTS `orders`;
/*!40101 SET @saved_cs_client     = @@character_set_client */;
/*!40101 SET character_set_client = utf8 */;
CREATE TABLE `orders` (
  `id` int(11) NOT NULL AUTO_INCREMENT,
  `customer_user_account` int(11) DEFAULT NULL,
  `cash_register_account` int(11) DEFAULT NULL,
  `is_paid_cash` tinyint(1) NOT NULL,
  `createdAt` datetime NOT NULL,
  `isCancelled` tinyint(1) NOT NULL,
  `isOrderedByCustomer` tinyint(1) NOT NULL,
  `during_order_price` double NOT NULL,
  `during_order_global_promotion` double NOT NULL,
  PRIMARY KEY (`id`),
  KEY `IDX_E52FFDEE2BE38BB7` (`customer_user_account`),
  KEY `IDX_E52FFDEE6526CC6A` (`cash_register_account`),
  CONSTRAINT `FK_E52FFDEE2BE38BB7` FOREIGN KEY (`customer_user_account`) REFERENCES `user_accounts` (`id`) ON DELETE SET NULL,
  CONSTRAINT `FK_E52FFDEE6526CC6A` FOREIGN KEY (`cash_register_account`) REFERENCES `user_accounts` (`id`) ON DELETE SET NULL
) ENGINE=InnoDB AUTO_INCREMENT=264 DEFAULT CHARSET=utf8 COLLATE=utf8_unicode_ci;
/*!40101 SET character_set_client = @saved_cs_client */;

--
-- Dumping data for table `orders`
--

LOCK TABLES `orders` WRITE;
/*!40000 ALTER TABLE `orders` DISABLE KEYS */;
INSERT INTO `orders` VALUES (1,5,1,0,'2017-09-08 15:39:45',1,1,3.6,10),(2,5,1,0,'2017-09-08 15:44:38',1,1,3.6,10),(3,5,1,0,'2017-09-11 18:23:48',1,1,3.024,10),(4,7,1,0,'2017-09-12 17:40:31',1,0,1.5,0),(5,5,1,0,'2017-09-12 17:55:01',1,1,1.674,10),(6,10,1,0,'2017-09-13 22:43:28',0,1,0.225,10),(7,5,1,0,'2017-09-13 22:45:57',0,1,0.33,0),(8,13,1,0,'2017-09-13 22:47:32',0,1,0.33,0),(9,10,1,0,'2017-09-13 23:17:46',0,1,0.33,0),(10,13,1,0,'2017-09-13 23:18:35',0,1,0.33,0),(11,13,1,0,'2017-09-14 17:09:38',0,1,1.26,0),(12,13,1,0,'2017-09-14 17:10:14',0,1,0.33,0),(13,13,1,0,'2017-09-14 20:52:23',0,1,1.41,0),(14,5,1,0,'2017-09-14 22:03:23',0,1,0.6,0),(15,13,1,0,'2017-09-14 22:43:28',0,1,1.46,0),(16,41,1,0,'2017-09-14 23:18:40',0,1,4,0),(17,13,1,0,'2017-09-15 00:58:58',0,1,1.41,0),(18,13,1,0,'2017-09-15 01:16:27',0,1,0.93,0),(19,13,1,0,'2017-09-15 01:26:34',0,1,0.93,0),(20,10,1,0,'2017-09-15 19:32:18',0,1,1,0),(21,5,1,0,'2017-09-15 20:23:14',0,1,1,0),(22,13,1,0,'2017-09-15 20:28:50',0,1,1,0),(23,2,1,1,'2017-09-15 21:10:07',0,0,1,0),(24,10,1,0,'2017-09-15 21:16:35',0,1,1,0),(25,9,1,0,'2017-09-15 21:19:23',0,1,1,0),(26,5,1,0,'2017-09-15 21:20:58',0,1,1,0),(27,13,1,0,'2017-09-15 21:35:32',0,1,1,0),(28,9,1,0,'2017-09-15 21:35:52',0,1,1,0),(29,7,1,0,'2017-09-15 21:40:18',0,1,2,0),(30,10,1,0,'2017-09-15 21:40:44',0,1,1,0),(31,42,1,0,'2017-09-15 21:52:16',0,1,2,0),(32,6,1,0,'2017-09-15 21:55:28',0,1,1,0),(33,43,1,0,'2017-09-15 21:59:21',0,1,2,0),(34,5,1,0,'2017-09-15 22:00:38',0,1,1,0),(35,9,1,0,'2017-09-15 22:02:56',0,1,1,0),(36,42,1,0,'2017-09-15 22:09:20',0,1,1,0),(37,10,1,0,'2017-09-15 22:12:42',0,1,2,0),(38,13,1,0,'2017-09-15 22:14:12',0,1,1,0),(39,6,1,0,'2017-09-15 22:17:09',0,1,1,0),(40,2,1,1,'2017-09-15 22:19:09',0,0,2,0),(41,42,1,0,'2017-09-15 22:20:57',0,1,1,0),(42,42,1,0,'2017-09-15 22:22:47',0,1,1,0),(43,5,1,0,'2017-09-15 22:27:27',0,1,1,0),(44,9,1,0,'2017-09-15 22:27:45',0,1,1,0),(45,44,1,0,'2017-09-15 22:40:29',0,1,2,0),(46,26,1,0,'2017-09-15 22:46:11',0,1,4,0),(47,42,1,0,'2017-09-15 22:49:15',0,1,3,0),(48,12,1,0,'2017-09-15 22:54:07',0,1,3.04,0),(49,9,1,0,'2017-09-15 22:54:39',0,1,0.84,0),(50,10,1,0,'2017-09-15 23:00:19',0,1,0.57,0),(51,45,1,0,'2017-09-15 23:09:48',0,1,2,0),(52,46,1,0,'2017-09-15 23:10:36',0,1,3,0),(53,2,1,1,'2017-09-15 23:15:15',0,0,2,0),(54,43,1,0,'2017-09-15 23:16:02',0,1,3,0),(55,42,1,0,'2017-09-15 23:17:22',0,1,2,0),(56,10,1,0,'2017-09-15 23:18:14',0,1,0.57,0),(57,2,1,1,'2017-09-15 23:22:53',0,0,1,0),(58,2,1,1,'2017-09-15 23:23:29',0,0,1,0),(59,9,1,0,'2017-09-15 23:25:27',0,1,2,0),(60,2,1,1,'2017-09-15 23:37:35',0,0,4,0),(61,2,1,1,'2017-09-15 23:47:39',0,0,2,0),(62,26,1,0,'2017-09-15 23:48:33',0,1,4,0),(63,47,1,0,'2017-09-15 23:52:26',0,1,2.5,0),(64,2,1,1,'2017-09-15 23:58:24',0,0,5,0),(65,44,1,0,'2017-09-16 00:01:05',0,1,4,0),(66,10,1,0,'2017-09-16 00:02:27',0,1,0.57,0),(67,12,1,0,'2017-09-16 00:05:46',0,1,2.34,0),(68,5,1,0,'2017-09-16 00:12:37',0,1,1,0),(69,45,1,0,'2017-09-16 00:14:23',0,1,2,0),(70,45,1,0,'2017-09-16 00:14:29',0,1,2,0),(71,46,1,0,'2017-09-16 00:17:41',0,1,3,0),(72,6,1,0,'2017-09-16 00:19:16',0,1,4,0),(73,2,1,1,'2017-09-16 00:23:32',0,0,4,0),(74,49,1,0,'2017-09-16 00:26:19',0,1,5,0),(75,2,1,1,'2017-09-16 00:27:03',0,0,1,0),(76,13,1,0,'2017-09-16 00:29:32',0,1,2,0),(77,2,1,1,'2017-09-16 00:33:34',0,0,0.5,0),(78,10,1,0,'2017-09-16 00:35:13',0,1,0.57,0),(79,2,1,1,'2017-09-16 00:40:59',0,0,0.5,0),(80,49,1,0,'2017-09-16 00:43:21',0,1,1,0),(81,2,1,1,'2017-09-16 00:44:08',0,0,4,0),(82,26,1,0,'2017-09-16 00:47:53',0,1,4,0),(83,10,1,0,'2017-09-16 00:49:27',0,1,1.69,0),(84,12,1,0,'2017-09-16 00:51:12',0,1,0.57,0),(85,9,1,0,'2017-09-16 00:54:01',0,1,2,0),(86,48,1,0,'2017-09-16 00:56:22',0,1,1,0),(87,6,1,0,'2017-09-16 01:01:38',0,1,1,0),(88,46,1,0,'2017-09-16 01:02:32',0,1,1,0),(89,51,1,0,'2017-09-16 01:05:13',0,1,2,0),(90,2,1,1,'2017-09-16 01:06:18',0,0,4,0),(91,44,1,0,'2017-09-16 01:09:07',0,1,2,0),(92,44,1,0,'2017-09-16 01:09:13',0,1,2,0),(93,2,1,1,'2017-09-16 01:10:09',0,0,3,0),(94,43,1,0,'2017-09-16 01:15:17',0,1,2,0),(95,49,1,0,'2017-09-16 01:17:08',0,1,2,0),(96,49,1,0,'2017-09-16 01:18:17',0,1,1.5,0),(97,6,1,0,'2017-09-16 01:30:04',0,1,1,0),(98,2,1,1,'2017-09-16 01:38:45',0,0,1,0),(99,2,1,1,'2017-09-16 01:39:37',0,0,1,0),(100,2,1,1,'2017-09-16 01:43:03',0,0,1,0),(101,43,1,0,'2017-09-16 01:46:14',0,1,1,0),(102,2,1,1,'2017-09-16 01:47:41',0,0,2,0),(103,48,1,0,'2017-09-16 01:54:58',0,1,2,0),(104,49,1,0,'2017-09-16 01:56:45',0,1,1,0),(105,49,1,0,'2017-09-16 01:58:22',0,1,1,0),(106,49,1,0,'2017-09-16 01:59:27',0,1,0.5,0),(107,2,1,1,'2017-09-16 02:00:03',0,0,2,0),(108,10,1,0,'2017-09-16 02:01:45',0,1,1.46,0),(109,12,1,0,'2017-09-16 02:02:25',0,1,0.57,0),(110,13,1,0,'2017-09-16 02:03:29',0,1,1,0),(111,2,1,1,'2017-09-16 02:09:58',0,0,0.5,0),(112,2,1,1,'2017-09-16 02:15:36',0,0,0.5,0),(113,12,1,0,'2017-09-16 02:20:54',0,1,1.4,0),(114,2,1,1,'2017-09-16 02:26:06',0,0,4,0),(115,6,1,0,'2017-09-16 02:39:22',0,1,1,0),(116,13,1,0,'2017-09-16 02:41:50',0,1,1,0),(117,5,1,0,'2017-09-16 02:43:04',0,1,1,0),(118,2,1,1,'2017-09-16 02:46:57',0,0,1,0),(119,2,1,1,'2017-09-16 02:48:48',0,0,1,0),(120,6,1,0,'2017-09-16 02:51:16',0,1,1.28,0),(121,2,1,1,'2017-09-16 02:56:42',0,0,0.5,0),(122,6,1,0,'2017-09-16 03:01:25',0,1,1,0),(123,2,1,1,'2017-09-16 03:04:22',0,0,2,0),(124,2,1,1,'2017-09-16 03:09:43',0,0,1,0),(125,10,1,0,'2017-09-16 03:17:03',0,1,0.57,0),(126,12,1,0,'2017-09-16 03:20:23',0,1,3.04,0),(127,2,1,1,'2017-09-16 03:25:14',0,0,4,0),(128,50,1,0,'2017-09-16 03:30:22',0,1,2,0),(129,50,1,0,'2017-09-16 03:39:32',0,1,3,0),(130,2,1,1,'2017-09-16 03:43:46',0,0,4,0),(131,50,1,0,'2017-09-16 03:57:42',0,1,2,0),(132,10,1,0,'2017-09-16 04:07:51',0,1,0.84,0),(133,2,1,1,'2017-09-16 04:18:57',0,0,1,0),(134,50,1,0,'2017-09-16 04:22:26',0,1,0.5,0),(135,5,1,0,'2017-09-16 04:23:43',0,1,0.6,0),(136,2,1,1,'2017-09-16 04:24:11',0,0,2,0),(137,10,1,0,'2017-09-16 04:26:15',0,1,0.57,0),(138,2,1,1,'2017-09-16 04:31:07',0,0,2,0),(139,50,1,0,'2017-09-16 04:35:49',0,1,1,0),(140,5,1,0,'2017-09-16 05:07:54',0,1,1,0),(141,2,1,1,'2017-09-16 05:11:35',0,0,2,0),(142,2,1,1,'2017-09-16 19:42:26',0,0,2,0),(143,5,1,0,'2017-09-16 22:27:42',0,1,1.04,0),(144,9,1,0,'2017-09-17 12:18:32',0,1,1.08,0),(145,9,1,0,'2017-09-17 15:02:20',0,1,0.84,0),(146,9,1,0,'2017-09-17 16:46:15',0,1,0.84,0),(147,13,1,0,'2017-09-17 16:50:24',0,1,1.41,0),(148,10,1,0,'2017-09-18 00:12:13',0,1,2,0),(149,10,1,0,'2017-09-18 00:38:42',0,1,1,0),(150,10,1,0,'2017-09-18 01:03:24',0,1,1,0),(151,10,1,0,'2017-09-18 01:04:17',0,1,0.57,0),(152,12,1,0,'2017-09-18 14:09:56',0,1,3.02,0),(153,12,1,0,'2017-09-18 14:58:49',0,1,1.14,0),(154,12,1,0,'2017-09-18 15:24:46',0,1,1.23,0),(155,12,1,0,'2017-09-18 15:40:24',0,1,0.57,0),(156,12,1,0,'2017-09-18 16:06:26',0,1,1.68,0),(157,12,1,0,'2017-09-18 16:46:45',0,1,1.38,0),(158,12,1,0,'2017-09-18 17:16:24',0,1,0.84,0),(159,12,1,0,'2017-09-18 17:52:26',0,1,1.34,0),(160,12,1,0,'2017-09-18 18:05:48',0,1,0.45,0),(161,12,1,0,'2017-09-18 18:23:04',0,1,1.71,0),(162,12,1,0,'2017-09-18 18:34:13',0,1,0.57,0),(163,9,1,0,'2017-09-18 18:45:37',0,1,0.57,0),(164,52,1,0,'2017-09-18 18:46:47',0,1,2,0),(165,12,1,0,'2017-09-18 18:51:40',0,1,0.57,0),(166,6,1,0,'2017-09-18 18:52:32',0,1,0.33,0),(167,12,1,0,'2017-09-18 19:02:52',0,1,1.14,0),(168,9,1,0,'2017-09-18 19:23:34',0,1,0.84,0),(169,13,1,0,'2017-09-18 19:24:18',0,1,2,0),(170,52,1,0,'2017-09-18 19:25:01',0,1,0.5,0),(171,5,1,0,'2017-09-18 19:25:24',0,1,1,0),(172,6,1,0,'2017-09-18 19:25:48',0,1,2,0),(173,52,1,0,'2017-09-18 19:42:51',0,1,1,0),(174,6,1,0,'2017-09-18 19:59:51',0,1,2,0),(175,5,1,0,'2017-09-18 20:07:11',0,1,1,0),(176,5,1,0,'2017-09-18 20:21:20',0,1,1,0),(177,52,1,0,'2017-09-18 20:33:13',0,1,1,0),(178,13,1,0,'2017-09-18 20:59:30',0,1,1,0),(179,9,1,0,'2017-09-18 20:59:50',1,1,2,0),(180,9,1,0,'2017-09-18 21:04:46',0,1,0.57,0),(181,9,1,0,'2017-09-18 21:05:20',0,1,1,0),(182,6,1,0,'2017-09-18 21:05:52',0,1,4,0),(183,5,1,0,'2017-09-18 21:06:22',0,1,4,0),(184,13,1,0,'2017-09-18 21:06:54',0,1,5,0),(185,5,1,0,'2017-09-18 21:14:02',1,1,1,0),(186,6,1,0,'2017-09-18 21:15:40',0,1,0.33,0),(187,5,1,0,'2017-09-18 21:20:25',0,1,0.57,0),(188,6,1,0,'2017-09-19 00:03:39',0,1,0.6,0),(189,5,1,0,'2017-09-19 00:04:02',0,1,0.6,0),(190,10,1,0,'2017-09-19 00:19:43',0,1,0.33,0),(191,6,1,0,'2017-09-19 00:20:23',0,1,0.9,0),(192,6,1,0,'2017-09-19 17:31:44',0,1,0.33,0),(193,6,1,0,'2017-09-19 21:05:53',0,1,1.4,0),(194,5,1,0,'2017-09-19 21:08:47',0,1,0.75,0),(195,12,1,0,'2017-09-19 22:20:36',0,1,1.4,0),(196,5,1,0,'2017-09-19 22:21:33',0,1,0.75,0),(197,13,1,0,'2017-09-19 22:23:08',0,1,2.15,0),(198,6,1,0,'2017-09-19 23:02:50',0,1,1.4,0),(199,10,1,0,'2017-09-19 23:08:20',0,1,0.75,0),(200,5,1,0,'2017-09-19 23:27:08',0,1,1.08,0),(201,6,1,0,'2017-09-19 23:29:11',0,1,1.4,0),(202,6,1,0,'2017-09-19 23:50:31',0,1,1.4,0),(203,12,1,0,'2017-09-19 23:50:53',0,1,1.4,0),(204,10,1,0,'2017-09-20 00:22:38',0,1,0.75,0),(205,12,1,0,'2017-09-20 00:28:10',0,1,0.75,0),(206,6,1,0,'2017-09-20 00:47:44',0,1,1.4,0),(207,13,1,0,'2017-09-20 00:49:53',0,1,1.4,0),(208,10,1,0,'2017-09-20 00:56:19',0,1,1.4,0),(209,6,1,0,'2017-09-20 01:28:26',0,1,0.33,0),(210,10,1,0,'2017-09-20 01:49:59',0,1,0.33,0),(211,6,1,0,'2017-09-20 01:50:45',0,1,0.33,0),(212,13,1,0,'2017-09-20 02:17:31',0,1,1.5,0),(213,6,1,0,'2017-09-20 03:27:36',0,1,2.8,0),(214,12,1,0,'2017-09-20 19:36:19',0,1,4.95,0),(215,12,1,0,'2017-09-20 19:51:54',0,1,5.6,0),(216,2,1,1,'2017-09-20 20:27:09',0,0,13,0),(217,2,1,1,'2017-09-20 21:12:45',0,0,12,0),(218,2,1,1,'2017-09-20 22:03:51',0,0,1,0),(219,2,1,1,'2017-09-20 22:06:33',0,0,6,0),(220,11,1,0,'2017-09-21 18:23:44',0,1,1,0),(221,53,1,0,'2017-09-21 20:28:49',0,1,0.5,0),(222,10,1,0,'2017-09-21 20:32:02',0,1,1.08,0),(223,53,1,0,'2017-09-21 20:34:28',0,1,1,0),(224,12,1,0,'2017-09-21 20:57:52',0,1,2.31,0),(225,53,1,0,'2017-09-21 21:11:25',0,1,1.5,0),(226,54,1,0,'2017-09-21 21:13:41',0,1,0.5,0),(227,10,1,0,'2017-09-21 21:19:38',0,1,0.33,0),(228,12,1,0,'2017-09-21 21:33:41',0,1,1.65,0),(229,12,1,0,'2017-09-22 01:43:23',0,1,2.25,0),(230,6,1,0,'2017-09-22 02:13:14',0,1,4.2,0),(231,6,1,0,'2017-09-22 03:06:57',0,1,0.33,0),(232,9,1,0,'2017-09-22 16:09:04',0,1,0.75,0),(233,6,1,0,'2017-09-22 16:20:57',0,1,0.75,0),(234,13,1,0,'2017-09-22 18:51:08',0,1,0.75,0),(235,6,1,0,'2017-09-22 18:51:50',0,1,1.5,0),(236,9,1,0,'2017-09-22 19:44:30',0,1,0.75,0),(237,12,1,0,'2017-09-22 19:48:12',0,1,1.4,0),(238,13,1,0,'2017-09-22 19:50:27',0,1,0.75,0),(239,13,1,0,'2017-09-22 19:50:29',0,1,0.75,0),(240,13,1,0,'2017-09-22 20:58:01',0,1,2.8,0),(241,9,1,0,'2017-09-22 20:58:46',0,1,1.4,0),(242,11,1,0,'2017-09-22 21:11:24',0,1,1,0),(243,13,1,0,'2017-09-22 21:12:13',0,1,1.4,0),(244,13,1,0,'2017-09-22 21:48:07',0,1,1.4,0),(245,9,1,0,'2017-09-22 21:49:15',0,1,1.4,0),(246,13,1,0,'2017-09-22 22:07:14',0,1,1.4,0),(247,5,1,0,'2017-09-22 22:32:16',0,1,0.75,0),(248,13,1,0,'2017-09-22 22:42:37',0,1,1.4,0),(249,13,1,0,'2017-09-22 22:58:56',0,1,1.4,0),(250,9,1,0,'2017-09-22 23:00:14',0,1,1.4,0),(251,13,1,0,'2017-09-22 23:33:19',0,1,1.4,0),(252,9,1,0,'2017-09-23 00:36:07',0,1,1.4,0),(253,5,1,0,'2017-09-23 00:39:30',0,1,1.4,0),(254,13,1,0,'2017-09-23 00:41:10',0,1,2.4,0),(255,30,1,0,'2017-09-23 01:28:49',0,1,2.5,0),(256,5,1,0,'2017-09-23 22:06:14',0,1,1.5,0),(257,9,1,0,'2017-09-24 15:10:06',0,1,0.75,0),(258,13,1,0,'2017-09-24 23:09:05',0,1,2.8,0),(259,9,1,0,'2017-09-24 23:56:59',0,1,0.75,0),(260,9,1,0,'2017-09-24 23:58:12',0,1,1.4,0),(261,13,1,0,'2017-09-24 23:59:30',0,1,2.8,0),(262,9,1,0,'2017-09-25 00:31:07',0,1,0.75,0),(263,13,1,0,'2017-09-25 00:34:50',0,1,0.75,0);
/*!40000 ALTER TABLE `orders` ENABLE KEYS */;
UNLOCK TABLES;

--
-- Table structure for table `product_categories`
--

DROP TABLE IF EXISTS `product_categories`;
/*!40101 SET @saved_cs_client     = @@character_set_client */;
/*!40101 SET character_set_client = utf8 */;
CREATE TABLE `product_categories` (
  `id` int(11) NOT NULL AUTO_INCREMENT,
  `category_name` varchar(255) COLLATE utf8_unicode_ci NOT NULL,
  `price` double NOT NULL,
  `is_removed` tinyint(1) NOT NULL,
  PRIMARY KEY (`id`)
) ENGINE=InnoDB AUTO_INCREMENT=6 DEFAULT CHARSET=utf8 COLLATE=utf8_unicode_ci;
/*!40101 SET character_set_client = @saved_cs_client */;

--
-- Dumping data for table `product_categories`
--

LOCK TABLES `product_categories` WRITE;
/*!40000 ALTER TABLE `product_categories` DISABLE KEYS */;
INSERT INTO `product_categories` VALUES (1,'rodeo_cara',0.5,0),(2,'pils_25cl',1,0),(3,'spe_25cl',1.5,0),(4,'spe_33cl',2,0),(5,'alcool_cl',0.5,0);
/*!40000 ALTER TABLE `product_categories` ENABLE KEYS */;
UNLOCK TABLES;

--
-- Table structure for table `products`
--

DROP TABLE IF EXISTS `products`;
/*!40101 SET @saved_cs_client     = @@character_set_client */;
/*!40101 SET character_set_client = utf8 */;
CREATE TABLE `products` (
  `barcode` varchar(255) COLLATE utf8_unicode_ci NOT NULL,
  `product_category` int(11) DEFAULT NULL,
  `name` varchar(150) COLLATE utf8_unicode_ci NOT NULL,
  `stock` int(11) DEFAULT NULL,
  `product_promotion_admin` double NOT NULL,
  `product_promotion_user` double NOT NULL,
  `product_real_price` double NOT NULL,
  `is_removed` tinyint(1) NOT NULL,
  `product_alcool_percentage` double NOT NULL,
  `product_quantity_cl` double NOT NULL,
  PRIMARY KEY (`barcode`),
  UNIQUE KEY `UNIQ_B3BA5A5A97AE0266` (`barcode`),
  KEY `IDX_B3BA5A5ACDFC7356` (`product_category`),
  CONSTRAINT `FK_B3BA5A5ACDFC7356` FOREIGN KEY (`product_category`) REFERENCES `product_categories` (`id`) ON DELETE SET NULL
) ENGINE=InnoDB DEFAULT CHARSET=utf8 COLLATE=utf8_unicode_ci;
/*!40101 SET character_set_client = @saved_cs_client */;

--
-- Dumping data for table `products`
--

LOCK TABLES `products` WRITE;
/*!40000 ALTER TABLE `products` DISABLE KEYS */;
INSERT INTO `products` VALUES ('3119780250110',4,'Desperados',-6,30,0,1.16,0,5.9,25),('5400141079784',2,'Boni agrumes',-1,25,0,0.34,0,0,50),('5400141079913',2,'boni Ice Tea Citron',0,25,0,0.43,0,0,50),('5400141123081',1,'Cara',-46,34,0,0.15,0,4.75,25),('5400141353303',2,'Boni Ice Tea Green',-1,25,0,0.36,0,0,0.33),('54004207',4,'Guiness Special Export',0,30,0,1.25,0,8,33),('54017016',2,'Maes',-94,25,0,0.47,0,5.2,25),('54050051',4,'Kwak',-6,30,0,1.18,0,8.4,33),('54050082',4,'Triple Karmeliet',-9,30,0,1.24,0,8.4,33),('54055438',3,'Brugs blanche',0,20,0,0.67,0,4.8,25),('54085190',4,'Tongerlo',0,30,0,1.24,0,6,33),('5410218005868',4,'Waterloo',-1,30,0,1.13,0,8,33),('5410228205937',3,'Radler Agrumes',-1,20,0,0.78,0,2,25),('5410228208358',4,'Leffe',-7,30,0,0.98,0,6.8,33),('5410228217459',3,'Radler Citron',0,20,0,0.78,0,2,25),('5410263015669',4,'Grimbergen Blonde',0,30,0,0.95,0,6.7,33),('5410263918434',4,'Grimbergen Caractere Houblon',-2,30,0,0.8,0,8,33),('5410702000539',4,'Moinette',0,30,0,1.73,0,7.5,33),('5410769100081',4,'Chouffe Classique',-8,30,0,1.36,0,8,33),('5410769300085',4,'Choffe Houblon',0,30,0,1.36,0,8,33),('5410908000029',4,'Chimay Blanche',-1,30,0,1.33,0,8,33),('5411081003654',4,'Kasteel ROODE',-14,30,0,1.59,0,8,33),('5411098700034',4,'Postel',-4,30,0,0.83,0,7,33),('5411551141091',3,'Cuvee des Trolls',0,20,0,0.78,0,7,25),('5411676100812',4,'Barbare',-12,30,0,1.31,0,8,33),('5411681014005',4,'Duvel',-12,30,0,1.19,0,8.5,33),('5411681035000',4,'Maredsous Blonde',-3,30,0,1.14,0,6,33),('5411681038001',4,'Maredsous Trple',-2,30,0,1.39,0,10,33),('5411858000145',4,'Omer',-10,30,0,1.26,0,8,33),('5411858100067',4,'Le Fort Triple',-4,30,0,1.31,0,8.8,33),('5412138103310',4,'St Feuillien Blonde',-3,30,0,1.28,0,7.5,33),('5412343201337',4,'Leffe Blonde',-9,30,0,0.74,0,6.6,33),('5412583240837',4,'ENAME Blonde',-1,30,0,1.16,0,6.5,33),('5412858000081',4,'Rochefort 8 degre',-8,30,0,1.58,0,9.2,33),('5425027970016',4,'Vicaris Triple',-1,30,0,1.34,0,8.5,33),('54490000',2,'Coca Normal',-16,25,0,0.5,0,0,20),('55555',5,'Autre',0,20,0,0.3,0,20,0.5),('5740600200541',3,'Carlsberg',-2,20,0,0.87,0,5.5,25),('8711900013992',1,'Rodeo',-1,10,0,0.35,0,0,25),('8712100878923',2,'Ice Tea Agrumes',-1,25,0,0.71,0,0,33),('8714100615614',2,'Ice Tea Original',0,25,0,0.71,0,0,33),('8722700696599',2,'Ice Tea Zero',0,25,0,0.71,0,0,33),('ALCOOL-1CL',5,'alcool_1cl',-10,20,0,0.3,0,20,0),('Biere-fut',2,'BIERE FUT 25',-95,0,0,1,0,5,25),('LIVROGNE-BIERE',3,'BIERE L IVROGNE',-2,20,0,2,0,5,25),('SOFT-GD-BOUT',1,'soft_gd_bout',-5,20,0,0.25,0,0,0);
/*!40000 ALTER TABLE `products` ENABLE KEYS */;
UNLOCK TABLES;

--
-- Table structure for table `promotions`
--

DROP TABLE IF EXISTS `promotions`;
/*!40101 SET @saved_cs_client     = @@character_set_client */;
/*!40101 SET character_set_client = utf8 */;
CREATE TABLE `promotions` (
  `id` int(11) NOT NULL AUTO_INCREMENT,
  `user_promotion` double NOT NULL,
  `promotion_name` varchar(150) COLLATE utf8_unicode_ci NOT NULL,
  PRIMARY KEY (`id`),
  UNIQUE KEY `UNIQ_EA1B3034E8D9F699` (`promotion_name`)
) ENGINE=InnoDB AUTO_INCREMENT=3 DEFAULT CHARSET=utf8 COLLATE=utf8_unicode_ci;
/*!40101 SET character_set_client = @saved_cs_client */;

--
-- Dumping data for table `promotions`
--

LOCK TABLES `promotions` WRITE;
/*!40000 ALTER TABLE `promotions` DISABLE KEYS */;
INSERT INTO `promotions` VALUES (1,0,'simple'),(2,0,'admin');
/*!40000 ALTER TABLE `promotions` ENABLE KEYS */;
UNLOCK TABLES;

--
-- Table structure for table `rfid_to_match`
--

DROP TABLE IF EXISTS `rfid_to_match`;
/*!40101 SET @saved_cs_client     = @@character_set_client */;
/*!40101 SET character_set_client = utf8 */;
CREATE TABLE `rfid_to_match` (
  `id` int(11) NOT NULL AUTO_INCREMENT,
  `value` varchar(255) COLLATE utf8_unicode_ci NOT NULL,
  `createdAt` datetime NOT NULL,
  PRIMARY KEY (`id`)
) ENGINE=InnoDB AUTO_INCREMENT=98 DEFAULT CHARSET=utf8 COLLATE=utf8_unicode_ci;
/*!40101 SET character_set_client = @saved_cs_client */;

--
-- Dumping data for table `rfid_to_match`
--

LOCK TABLES `rfid_to_match` WRITE;
/*!40000 ALTER TABLE `rfid_to_match` DISABLE KEYS */;
INSERT INTO `rfid_to_match` VALUES (1,'5381206120','2017-09-08 15:25:07'),(2,'5381206120','2017-09-08 15:25:15'),(3,'149211212120','2017-09-08 15:27:04'),(4,'11748193120','2017-09-08 15:27:39'),(5,'245114106120','2017-09-08 15:27:48'),(6,'245114106120','2017-09-08 15:27:56'),(7,'245114106120','2017-09-08 15:29:05'),(8,'','2017-09-11 18:24:05'),(9,'','2017-09-11 18:30:04'),(10,'','2017-09-11 21:10:32'),(11,'69227200120','2017-09-13 22:23:32'),(12,'37139194120','2017-09-13 22:24:12'),(13,'1330193120','2017-09-13 22:24:58'),(14,'18145207120','2017-09-13 22:25:47'),(15,'','2017-09-13 22:26:29'),(16,'149200202120','2017-09-13 22:26:39'),(17,'','2017-09-13 22:41:30'),(18,'','2017-09-14 08:49:28'),(19,'','2017-09-14 08:55:10'),(20,'117116211120','2017-09-14 18:11:35'),(21,'117116211120','2017-09-14 19:36:55'),(22,'117116211120','2017-09-14 19:37:54'),(23,'2134194120','2017-09-14 19:38:02'),(24,'117116211120','2017-09-14 19:39:34'),(25,'5381206120','2017-09-14 21:57:26'),(26,'853211120','2017-09-14 23:10:08'),(27,'6997112120','2017-09-14 23:59:27'),(28,'','2017-09-14 23:59:54'),(29,'149211212120','2017-09-15 00:18:01'),(30,'10110823399','2017-09-15 18:53:30'),(31,'10110823399','2017-09-15 19:57:24'),(32,'','2017-09-15 19:57:31'),(33,'','2017-09-15 19:58:10'),(34,'10110823399','2017-09-15 19:58:18'),(35,'10110823399','2017-09-15 19:58:23'),(36,'6930196120','2017-09-15 19:59:11'),(37,'6997112120','2017-09-15 20:04:06'),(38,'165159205120','2017-09-15 21:07:34'),(39,'149211212120','2017-09-15 21:09:13'),(40,'11797211120','2017-09-15 21:35:14'),(41,'5347195120','2017-09-15 21:38:57'),(42,'11797211120','2017-09-15 21:39:15'),(43,'5347195120','2017-09-15 21:40:52'),(44,'117152188120','2017-09-15 21:50:35'),(45,'24554212120','2017-09-15 21:54:44'),(46,'','2017-09-15 21:57:53'),(47,'245153186120','2017-09-15 22:33:46'),(48,'5253114120','2017-09-15 22:43:02'),(49,'53143105120','2017-09-15 23:00:30'),(50,'2290201120','2017-09-15 23:03:44'),(51,'5104196120','2017-09-15 23:48:43'),(52,'101182198120','2017-09-16 00:01:49'),(53,'213215189120','2017-09-16 00:23:40'),(54,'37231203120','2017-09-16 00:45:00'),(55,'117191198120','2017-09-16 00:56:31'),(56,'197253197120','2017-09-16 00:58:55'),(57,'','2017-09-16 01:12:08'),(58,'','2017-09-16 01:33:38'),(59,'','2017-09-16 01:45:16'),(60,'','2017-09-16 01:53:35'),(61,'','2017-09-16 02:20:19'),(62,'','2017-09-16 03:08:59'),(63,'','2017-09-17 16:45:10'),(64,'','2017-09-17 16:47:33'),(65,'','2017-09-18 01:02:54'),(66,'197253197120','2017-09-18 18:34:22'),(67,'197253197120','2017-09-18 18:37:34'),(68,'197211104120','2017-09-19 21:06:01'),(69,'149211212120','2017-09-19 21:17:00'),(70,'','2017-09-19 23:47:02'),(71,'','2017-09-19 23:50:13'),(72,'','2017-09-20 00:03:54'),(73,'149211212120','2017-09-20 20:23:08'),(74,'','2017-09-20 20:23:20'),(75,'373202120','2017-09-20 20:23:34'),(76,'6997112120','2017-09-20 20:23:38'),(77,'101115192120','2017-09-21 20:21:35'),(78,'','2017-09-21 20:23:39'),(79,'101115192120','2017-09-21 20:23:57'),(80,'373202120','2017-09-21 20:33:35'),(81,'','2017-09-21 20:53:11'),(82,'11721168120','2017-09-21 20:55:45'),(83,'11721168120','2017-09-21 20:55:54'),(84,'11721168120','2017-09-21 20:58:11'),(85,'','2017-09-21 20:58:35'),(86,'','2017-09-21 21:10:38'),(87,'149211212120','2017-09-22 22:19:42'),(88,'149211212120','2017-09-22 22:25:46'),(89,'21152199120','2017-09-22 23:01:05'),(90,'2134194120','2017-09-23 01:22:41'),(91,'2134194120','2017-09-23 01:22:45'),(92,'2134194120','2017-09-23 01:22:52'),(93,'2134194120','2017-09-23 01:23:02'),(94,'2134194120','2017-09-23 01:23:33'),(95,'2134194120','2017-09-23 01:27:03'),(96,'117116211120','2017-09-23 22:05:04'),(97,'','2017-09-25 01:13:28');
/*!40000 ALTER TABLE `rfid_to_match` ENABLE KEYS */;
UNLOCK TABLES;

--
-- Table structure for table `user_accounts`
--

DROP TABLE IF EXISTS `user_accounts`;
/*!40101 SET @saved_cs_client     = @@character_set_client */;
/*!40101 SET character_set_client = utf8 */;
CREATE TABLE `user_accounts` (
  `id` int(11) NOT NULL AUTO_INCREMENT,
  `user` int(11) DEFAULT NULL,
  `type` varchar(150) COLLATE utf8_unicode_ci NOT NULL,
  `money_balance` double NOT NULL,
  `money_limit` double NOT NULL,
  `credit_to_allow_max` double NOT NULL,
  `credit_allowed` double NOT NULL,
  PRIMARY KEY (`id`),
  KEY `IDX_2A457AAC8D93D649` (`user`),
  CONSTRAINT `FK_2A457AAC8D93D649` FOREIGN KEY (`user`) REFERENCES `users` (`id`) ON DELETE CASCADE
) ENGINE=InnoDB AUTO_INCREMENT=55 DEFAULT CHARSET=utf8 COLLATE=utf8_unicode_ci;
/*!40101 SET character_set_client = @saved_cs_client */;

--
-- Dumping data for table `user_accounts`
--

LOCK TABLES `user_accounts` WRITE;
/*!40000 ALTER TABLE `user_accounts` DISABLE KEYS */;
INSERT INTO `user_accounts` VALUES (1,2,'register',412.183,0,200,0),(2,2,'bank',-364.23,0,200,0),(3,NULL,'lost',0,0,200,0),(4,NULL,'spending',-8,0,200,0),(5,3,'somebody',-240.82,0,250,7),(6,4,'somebody',-3.14,0,200,64),(7,5,'somebody',-6.5,7,200,0),(8,6,'somebody',32,0,200,0),(9,7,'somebody',-245.87,0,250,0),(10,8,'somebody',36.965,0,200,20),(11,9,'somebody',-20.96,0,200,100),(12,10,'somebody',-51.31,0,200,0),(13,11,'somebody',-40.25,0,200,10),(14,12,'somebody',0,0,200,0),(15,13,'somebody',0,0,200,0),(16,14,'somebody',-294.95,0,200,0),(17,15,'somebody',0,0,200,0),(18,16,'somebody',0,0,200,0),(19,17,'somebody',0,0,200,0),(20,18,'somebody',23.05,0,200,0),(21,19,'somebody',12,0,200,0),(22,20,'somebody',1.5,0,200,0),(23,21,'somebody',2,0,200,0),(24,22,'somebody',2,5,200,0),(25,23,'somebody',5,0,200,0),(26,24,'somebody',-9.5,10,200,0),(27,25,'somebody',4,0,200,0),(28,26,'somebody',5.5,0,200,0),(29,27,'somebody',4,0,200,0),(30,28,'somebody',0.5,0,200,0),(31,29,'somebody',0,0,200,0),(32,30,'somebody',5,0,200,0),(33,31,'somebody',8.5,0,200,0),(34,32,'somebody',0,8,200,0),(35,33,'somebody',0,4,200,0),(36,34,'somebody',0,5,200,0),(37,35,'somebody',2.5,0,200,0),(38,36,'somebody',0,8,200,0),(39,37,'somebody',10,0,200,0),(40,38,'somebody',0,4,200,0),(41,39,'somebody',-45.5,100,200,0),(42,40,'somebody',3,0,200,0),(43,41,'somebody',2,0,200,0),(44,42,'somebody',0,0,200,0),(45,43,'somebody',0,0,200,0),(46,44,'somebody',2,0,200,0),(47,45,'somebody',6.5,0,200,0),(48,46,'somebody',-3,10,200,0),(49,47,'somebody',4,0,200,0),(50,48,'somebody',15.5,0,200,0),(51,49,'somebody',-2,10,200,0),(52,50,'somebody',-4.5,10,200,0),(53,51,'somebody',-3,15,200,0),(54,52,'somebody',-0.5,5,200,0);
/*!40000 ALTER TABLE `user_accounts` ENABLE KEYS */;
UNLOCK TABLES;

--
-- Table structure for table `users`
--

DROP TABLE IF EXISTS `users`;
/*!40101 SET @saved_cs_client     = @@character_set_client */;
/*!40101 SET character_set_client = utf8 */;
CREATE TABLE `users` (
  `id` int(11) NOT NULL AUTO_INCREMENT,
  `godfather` int(11) DEFAULT NULL,
  `promotion` int(11) DEFAULT NULL,
  `firstname` varchar(150) COLLATE utf8_unicode_ci NOT NULL,
  `lastname` varchar(150) COLLATE utf8_unicode_ci NOT NULL,
  `username` varchar(190) COLLATE utf8_unicode_ci NOT NULL,
  `password` varchar(150) COLLATE utf8_unicode_ci NOT NULL,
  `role` varchar(150) COLLATE utf8_unicode_ci NOT NULL,
  `rfid_card` varchar(150) COLLATE utf8_unicode_ci DEFAULT NULL,
  `email` varchar(150) COLLATE utf8_unicode_ci DEFAULT NULL,
  `is_removed` tinyint(1) NOT NULL,
  PRIMARY KEY (`id`),
  UNIQUE KEY `UNIQ_1483A5E9F85E0677` (`username`),
  UNIQUE KEY `UNIQ_1483A5E92E800D6E` (`rfid_card`),
  KEY `IDX_1483A5E9D6DEB239` (`godfather`),
  KEY `IDX_1483A5E9C11D7DD1` (`promotion`),
  CONSTRAINT `FK_1483A5E9C11D7DD1` FOREIGN KEY (`promotion`) REFERENCES `promotions` (`id`) ON DELETE SET NULL,
  CONSTRAINT `FK_1483A5E9D6DEB239` FOREIGN KEY (`godfather`) REFERENCES `users` (`id`) ON DELETE SET NULL
) ENGINE=InnoDB AUTO_INCREMENT=53 DEFAULT CHARSET=utf8 COLLATE=utf8_unicode_ci;
/*!40101 SET character_set_client = @saved_cs_client */;

--
-- Dumping data for table `users`
--

LOCK TABLES `users` WRITE;
/*!40000 ALTER TABLE `users` DISABLE KEYS */;
INSERT INTO `users` VALUES (1,NULL,2,'super','admin','superadmin','$2a$04$OPbUZDtSA8u5jvNrohpw5ei0CGnkiNcymg/azEgwh1.0X0dh58l8G','ROLE_SUPER_ADMIN','245114106120','livrognebar@gmail.com',0),(2,NULL,1,'bar','man','barman','$2a$04$OPbUZDtSA8u5jvNrohpw5ei0CGnkiNcymg/azEgwh1.0X0dh58l8G','ROLE_BARMAN','6930196120','livrognebar@gmail.com',0),(3,NULL,2,'Damien','Meur','dams','$2a$04$OPbUZDtSA8u5jvNrohpw5ei0CGnkiNcymg/azEgwh1.0X0dh58l8G','ROLE_ADMIN','117116211120','damienmeur@gmail.com',0),(4,NULL,2,'Julien','Daniello','dan','$2a$04$OPbUZDtSA8u5jvNrohpw5ei0CGnkiNcymg/azEgwh1.0X0dh58l8G','ROLE_ADMIN','11748193120','danephec@gmail.com',0),(5,3,1,'Nora','Fallica','nono','$2a$04$OPbUZDtSA8u5jvNrohpw5ei0CGnkiNcymg/azEgwh1.0X0dh58l8G','ROLE_USER','11797211120','no.fallica@gmail.com',0),(6,NULL,1,'John','Doe','john_doe','$2a$04$OPbUZDtSA8u5jvNrohpw5ei0CGnkiNcymg/azEgwh1.0X0dh58l8G','ROLE_USER','5','no.fallica@gmail.com',0),(7,NULL,2,'Jeoffrey','Bertolini','Kurotoutou','$2y$12$T7/ZcGtyNBAUVXOraIWMP.FH9CU3oQHNpYnfEc1SNTuHN5Tr0O/P6','ROLE_ADMIN','37139194120',NULL,0),(8,NULL,2,'Tom','Matagne','tom','$2y$12$6buHpi7AQRUAfEh1xQOLaO7GFlXt9hV9SZ4CyRnwlJQry8ran2vKy','ROLE_ADMIN','18145207120',NULL,0),(9,NULL,2,'Bastien','Saroela','bast','$2y$12$LaA.WCPjkXPOPDnWSLnC4OD9/8OwcyiQKa4h7kAi0x9f.DmWpfA8e','ROLE_ADMIN','69227200120',NULL,0),(10,NULL,2,'Bruno','Fauconnier','faucon','$2y$12$9KNzlQaWRl12gPztZ7mkkuhIC90V9RyAftOcokpelfittqFDpv4b.','ROLE_ADMIN','373202120',NULL,0),(11,NULL,2,'Bruno','Barbara','bru','$2y$12$2NUxBxjf1VSPX4LwS6o9jO2AVcShC12DOul7NnbGp5S6NWPjycjom','ROLE_ADMIN','1330193120',NULL,0),(12,NULL,1,'Ladys','Oliveira','ladysOS','$2y$12$KDyLphKEmNkkm6RdamyMBeUWppI8/uEf/g.kDQmj2HzJRK.8w1xHq','ROLE_USER',NULL,NULL,0),(13,NULL,1,'Youri','Tilleux','youyou','$2y$12$CATTb2aB/v/dp68z74UcIegbUI6NiCjPDiEBv5rTT//V0gDyxDY5i','ROLE_USER',NULL,NULL,0),(14,NULL,1,'Antoine','Thiry','cocapasteque','$2y$12$GR7UMy09b.N7HHcM55Gf0uGc/4e32LVP1eyj8MG17xURDbuD0DqSW','ROLE_USER','165159205120',NULL,0),(15,NULL,1,'Lola','Coryn','princesse','$2y$12$CYdVmhQ6ieB7jJxb/UBMBe5Fd5eOhI/RkCzYennd/TnQ5QSyKcxGC','ROLE_USER','5347195120',NULL,0),(16,NULL,1,'Arnaud','Declerq','arnaudde','$2y$12$SFWH0Rpkmzzs3E6SeNP4oulb9yQI5n5J.rxkWUVMY5wzK.nlEItPi','ROLE_USER',NULL,NULL,0),(17,NULL,1,'Aurle','De Thibault','aureleDT','$2y$12$wjo7xBHgDX/e5VFqH5xgtOACJfo159yw3h1eiZ4yhnJCoOW9q/dBu','ROLE_USER',NULL,NULL,0),(18,NULL,1,'Florent','Watelet','Florentwat','$2y$12$rvVW0o4DJ9SKgcsSdQV6P.k7TiFjsknsdll/h23bBXgWsm3bEgPsi','ROLE_USER',NULL,NULL,0),(19,NULL,1,'Reaz','Toofany','Reaztoof','$2y$12$pVS0lr8YeibzICkkHyr45eh/lhRyjLqYXhSnGPZjf8KUOMWbKALvS','ROLE_USER',NULL,NULL,0),(20,NULL,1,'Cedric','Danniau','Cedricdan','$2y$12$6XieHi4o4Tb8N8z06Sjnr.lNt5/jMW7bDiv7kqGiuIGJmVTeVnlzW','ROLE_USER',NULL,NULL,0),(21,NULL,1,'Arnaurd','Mehauden','Arnaudmhau','$2y$12$/LhgQcCB1bT/XA3oh4ucT.y0fESVKqpe0CbM6q9IWD1qyvdIrObUy','ROLE_USER',NULL,NULL,0),(22,4,1,'Mickael','Fourmanoir','Mickaelfourma','$2y$12$a9N/csVpMJHKfLyz..qBjO7qlM1FzErbivbgW0dHLxewO/MNFBRJy','ROLE_USER',NULL,NULL,0),(23,NULL,1,'Pierre-yves','Danniau','Pierreyvesdan','$2y$12$7fFN08YXkdMdhcCGpPH7kO.S5izAP7Wrbd829pb5ZofUyyL3S8sDy','ROLE_USER',NULL,NULL,0),(24,4,1,'Jerome','Scheppers','Jeromesche','$2y$12$n.iOLrc/D55kB1BIK56kAepGnhy45oK0teF0sU0RInl9v3.harE2a','ROLE_USER','5253114120',NULL,0),(25,NULL,1,'Dj','3000','Dj3000','$2y$12$G1t0YIqd.PoM3BDP5xbuw.Hq22YECMz8zPtqlx9OC/uuGmSZGemf2','ROLE_USER',NULL,NULL,0),(26,NULL,1,'Maxence','Demol','Maxencedemol','$2y$12$487a1Dulp9d7K.eyjVAiuuvls7lvXOwjGpHEKdIraIuTbTB45gQzS','ROLE_USER',NULL,NULL,0),(27,NULL,1,'Jules','Dupont','Julesdup','$2y$12$d8NETvTLVjGOXbVIOyXzzeRyoF29T1i4WpJgnPCBaaXDRMOFjEufO','ROLE_USER',NULL,NULL,0),(28,NULL,1,'Dario','Falco','Dariofla','$2y$12$x7jWx0jTDh0kGrMP8HJhNOjlqF5E8KI9RI.d5.7oAmUIGZ9C/zj1K','ROLE_USER','2134194120',NULL,0),(29,NULL,1,'Samuel','Bottemanne','Samuelbot','$2y$12$qXD2h/ExQRyWMbiNN1GqaObk1g9N1zuszYVOy7pbw0vXSZkikKg3O','ROLE_USER',NULL,NULL,0),(30,NULL,1,'Valentin','Moens','Valentinmoe','$2y$12$VIwAAsn6qMEJadEgV0RgnuHQvXH61a4RVf3lCtiznL6D5EahP7gwS','ROLE_USER',NULL,NULL,0),(31,NULL,1,'Lorian','Demierbe','Loriandem','$2y$12$HxaFbGQzHJ0k8655KOIOze8F.Su6WOMqU2Y28fq3G.6QNo3V3BM0q','ROLE_USER',NULL,NULL,0),(32,4,1,'Nicolas','Grolleau','Nicolasgrol','$2y$12$Jtf8HfRJrkbFjtYINsLDmemTf5m2HnxQMHAFMm8CTTkP7JhpoAAzi','ROLE_USER',NULL,NULL,0),(33,4,1,'Thomas','Ghysel','Thomasgis','$2y$12$bpEpKSIT8ZqYbqtPZ1rAaO8ay6yFAN8VWbrcrm5.qm8n/J6dSFaeG','ROLE_USER',NULL,NULL,0),(34,4,1,'Victor','Valet','Victorvalet','$2y$12$pLoBlbqUIM9.A94ysCCKyefjK75mNkBt4WhuZHus.nfHqQNG2gyj.','ROLE_USER',NULL,NULL,0),(35,NULL,1,'Lonard','Maistriaux','Lomais','$2y$12$6oowikpiYTe33kPA24.R6.Mk8zcNGEtTS1DjBUHih/Dwg8XC.puCa','ROLE_USER',NULL,NULL,0),(36,4,1,'Yolan','Sabaux','Yolansab','$2y$12$S93.lJe2Ji1UZWnadob1SOmxk9ZfhWT0GXekBBHZ6.W/5.IKPFvE6','ROLE_USER',NULL,NULL,0),(37,NULL,1,'Caroline','Malengreau','Carolinemal','$2y$12$D6xc.et22zKmqDbv3xynTeTf9pc0/kYAIRG5QzxFAmOYIy8.ks6Va','ROLE_USER',NULL,NULL,0),(38,4,1,'Nicolas','Dvk','Nicolasdvk','$2y$12$WmaFHYycqy2l3.u6ThqvD..N6EeGnzU5v.SlNy2h8OtRtJ6AP3VR.','ROLE_USER',NULL,NULL,0),(39,9,1,'Ebi','Zalette','eli','$2y$12$bk.QBva/LyYnSFEs/wCZdeTZgCJjg16ASobLot/KXwLaS79k92ixm','ROLE_USER','853211120',NULL,0),(40,NULL,1,'Fred','Mahieu','macfrelon','$2y$12$IRwxEfWszBpwgfOy64XBqOC1yuCgg/eflUiYpQOJPlfhIrub9mifW','ROLE_USER','117152188120',NULL,0),(41,NULL,1,'Anastasia','Luyckx','anastasia','$2y$12$Uem5rknjB/zGbaHD0YI0buF0ZJJJ2hB/DaXPmiGuuCtoFJZw8Vi0i','ROLE_USER','24554212120',NULL,0),(42,NULL,1,'Neil','Sellar','Niils','$2y$12$9Q4/A4l1L1Zn5zhjOpvvU.Dw8floLWzXJGWrI9cURieT8qkEIfk.K','ROLE_USER','245153186120',NULL,0),(43,NULL,1,'Mathilde','Van Roost','Mathildevr','$2y$12$qZJAiefTD/6XVw7ojbYpIOA4osry3rbP3yS/j/mNUlgIYd5oaVOUO','ROLE_USER','53143105120',NULL,0),(44,NULL,1,'Debora','Antunes','Debidouf','$2y$12$3Y7qE5PWDKZu3V2L2q5X/.ZgB8CWSjfC2dW.vO9mjS14zGrejJrB6','ROLE_USER','2290201120',NULL,0),(45,NULL,1,'Antonio','Carril','Antodeb','$2y$12$vgHsiocbnRlxPbtNwKcuvOK/P5vcJAu27sweRjSGalerqdIpuKtxe','ROLE_USER','5104196120',NULL,0),(46,4,1,'Christian','Paleologu','Zbar','$2y$12$uUEdJ7I2b13xlzCBCz40rOvQorBhWZynYS8M81djLyK2UKWxNKtLW','ROLE_USER','101182198120',NULL,0),(47,NULL,1,'Seb','Van nieuwenhove','Sebvnwh','$2y$12$XYZEGkUB1RMhVUua4nk5NOvXzZ.ZuWoHrFVHCGG5dHcsC1xXiWLAO','ROLE_USER','213215189120',NULL,0),(48,NULL,1,'Aurele','De thibault','Aureledethib','$2y$12$ogkhXODOkJe8pK/BaAZtbO3bpFLaH4h/aFVdUfyVtozy1ASb.3CPe','ROLE_USER','37231203120',NULL,0),(49,4,1,'Ced','Danniau','Ceddan','$2y$12$ohTXRfcrTDApy8oqIEKqde10XuDW8KMPHJowM/O4oTVcRW6mm/79W','ROLE_USER','117191198120',NULL,0),(50,11,1,'Jc','Joris','Jc','$2y$12$JDtaoCQHwoVJkxH28OBQhe/3gPe9hICW0ZhFDMEmOC8OYAEg/HA7a','ROLE_USER','197253197120',NULL,0),(51,8,1,'Greg','Demoulin','Chiefcoin','$2y$12$41wFcjIcPKPRGR2mcsuCy.xLsrwRVn1vkW5XY3lZvd4H2YFA6t72O','ROLE_USER','101115192120',NULL,0),(52,8,1,'Jb','Hanq1','Martyr','$2y$12$J2b4xZE49ATfHxdpiAKinOWl1Ddqyl0ZI91GEw8wuThFw9tnG5kKi','ROLE_USER','11721168120',NULL,0);
/*!40000 ALTER TABLE `users` ENABLE KEYS */;
UNLOCK TABLES;
/*!40103 SET TIME_ZONE=@OLD_TIME_ZONE */;

/*!40101 SET SQL_MODE=@OLD_SQL_MODE */;
/*!40014 SET FOREIGN_KEY_CHECKS=@OLD_FOREIGN_KEY_CHECKS */;
/*!40014 SET UNIQUE_CHECKS=@OLD_UNIQUE_CHECKS */;
/*!40101 SET CHARACTER_SET_CLIENT=@OLD_CHARACTER_SET_CLIENT */;
/*!40101 SET CHARACTER_SET_RESULTS=@OLD_CHARACTER_SET_RESULTS */;
/*!40101 SET COLLATION_CONNECTION=@OLD_COLLATION_CONNECTION */;
/*!40111 SET SQL_NOTES=@OLD_SQL_NOTES */;

-- Dump completed on 2017-09-25  7:22:02
